Activity Type,Date,Title,Distance,Time,Avg Pace,Total Ascent,Steps
Running,2025-01-08 15:18:16,San Diego Running,4.63,00:35:19,7:37,387,"6,544"
Running,2025-01-07 16:08:09,San Diego Running,8.43,01:02:10,7:23,492,"11,522"
Running,2025-01-06 14:57:35,San Diego Running,6.05,00:52:06,8:37,646,"9,470"
Running,2025-01-05 16:47:37,San Diego Running,5.05,00:37:48,7:29,531,"6,984"
Running,2025-01-04 13:41:39,San Diego Running,3.13,00:36:04,11:31,46,"6,434"
Running,2025-01-03 13:20:55,San Diego Running,26.29,03:49:17,8:43,"1,460","40,006"
Running,2025-01-02 16:37:17,San Diego Running,8.43,01:01:26,7:17,502,"11,446"
Running,2025-01-01 22:52:14,San Diego Running,3.40,00:30:07,8:52,295,"5,446"
Running,2024-12-31 21:43:15,San Diego Running,10.03,01:14:09,7:23,873,"13,890"
Running,2024-12-27 22:24:02,San Diego Running,3.37,00:24:42,7:20,282,"4,556"
Running,2024-12-26 22:26:21,San Diego Running,4.37,00:33:59,7:46,561,"6,256"
Running,2024-12-25 21:20:28,San Diego Running,4.62,00:35:17,7:38,476,"6,530"
Running,2024-12-24 22:40:22,San Diego Running,4.20,00:32:18,7:42,390,"5,962"
Running,2024-12-23 21:28:52,San Diego Running,8.17,01:04:38,7:54,978,"11,704"
Running,2024-12-21 12:13:10,Berkeley Running,4.58,00:38:53,8:29,361,"6,974"
Running,2024-12-20 18:12:18,Berkeley Running,0.87,00:06:52.4,7:54,3,"1,268"
Running,2024-12-19 23:18:00,Berkeley Running,4.07,00:31:49,7:50,449,"5,782"
Running,2024-12-17 19:26:50,Berkeley Running,5.60,00:49:03,8:46,463,"8,826"
Running,2024-12-15 16:15:03,Berkeley Running,13.17,01:28:35,6:44,292,"16,708"
Running,2024-12-14 08:56:35,Berkeley Running,8.15,01:10:22,8:38,633,"12,640"
Running,2024-12-12 10:03:49,Berkeley Running,0.86,00:06:31.5,7:37,3,"1,186"
Running,2024-12-11 17:19:13,Berkeley Running,4.34,00:37:19,8:36,659,"6,690"
Running,2024-12-10 15:56:25,Berkeley Running,5.53,00:44:11,7:59,344,"7,992"
Running,2024-12-09 15:58:45,Berkeley Running,10.07,01:22:03,8:09,"1,086","14,724"
Running,2024-12-07 08:51:01,Berkeley Running,7.65,01:15:08,9:49,823,"13,270"
Running,2024-12-02 18:34:18,Berkeley Running,6.05,00:44:38,7:22,354,"8,352"
Running,2024-11-28 14:56:24,San Diego Running,2.06,00:20:20,9:53,259,"3,586"
Running,2024-11-27 17:22:42,San Diego Running,1.01,00:13:14,13:07,220,"2,324"
Running,2024-11-27 16:25:00,San Diego Running,1.02,00:06:00.0,5:54,39,"1,136"
Running,2024-11-26 21:33:39,San Diego Running,2.14,00:24:05,11:16,197,"4,168"
Running,2024-11-25 16:44:11,Berkeley Running,14.02,01:45:19,7:31,751,"18,904"
Running,2024-11-22 21:51:17,Berkeley Running,5.94,00:47:02,7:55,584,"8,456"
Running,2024-11-15 15:09:39,Berkeley Running,7.02,00:58:52,8:23,436,"10,726"
Running,2024-11-14 22:50:38,Berkeley Running,5.86,00:44:14,7:33,341,"8,188"
Running,2024-11-13 15:32:51,Berkeley Running,7.03,00:55:00,7:49,469,"10,090"
Running,2024-11-10 21:50:50,Berkeley Running,10.22,01:53:28,11:06,410,"18,988"
Running,2024-11-09 11:09:29,San Mateo County Running,1.39,00:13:06,9:27,171,"2,234"
Running,2024-11-07 21:28:31,Berkeley Running,10.35,01:19:23,7:40,358,"14,418"
Running,2024-11-05 22:45:12,Berkeley Running,10.29,01:15:25,7:20,364,"13,848"
Running,2024-11-01 10:13:14,Berkeley Running,6.22,00:52:03,8:22,463,"9,374"
Running,2024-10-30 17:11:12,Berkeley Running,7.58,00:57:08,7:32,476,"10,394"
Running,2024-10-28 17:52:06,Berkeley Running,6.96,00:52:30,7:32,253,"9,524"
Running,2024-10-24 17:50:08,Berkeley Running,7.30,00:50:51,6:58,354,"9,454"
Running,2024-10-22 22:43:34,Berkeley Running,4.05,00:37:37,9:17,335,"6,602"
Running,2024-10-21 18:39:01,Berkeley Running,0.84,00:06:25.8,7:37,3,"1,160"
Running,2024-10-12 16:29:36,Berkeley Running,7.33,00:55:51,7:37,295,"10,120"
Running,2024-10-10 22:06:56,Berkeley Running,3.78,00:35:23,9:21,249,"6,248"
Running,2024-10-08 22:36:17,Berkeley Running,5.31,00:41:17,7:46,335,"7,478"
Running,2024-10-06 09:31:38,Berkeley Running,1.03,00:10:30,10:09,3,"1,846"
Running,2024-10-06 09:15:48,Berkeley Running,2.09,00:11:21,5:25,16,"2,226"
Running,2024-10-06 08:49:57,Berkeley Running,0.85,00:05:56.0,6:57,3,"1,104"
Running,2024-10-04 00:56:08,Berkeley Running,4.36,00:32:35,7:29,381,"6,018"
Running,2024-09-30 17:54:38,Berkeley Running,4.87,00:32:25,6:39,39,"5,980"
Running,2024-09-28 09:27:25,Berkeley Running,4.31,00:36:51,8:33,673,"6,606"
Running,2024-09-26 22:32:53,Berkeley Running,4.31,00:35:57,8:20,354,"6,446"
Running,2024-09-25 17:12:27,Berkeley Running,7.68,00:56:01,7:18,545,"10,278"
Running,2024-09-24 22:47:57,Berkeley Running,4.51,00:29:42,6:35,295,"5,536"
Running,2024-09-20 19:25:47,Berkeley Running,0.90,00:06:31.1,7:16,10,"1,204"
Running,2024-09-16 17:46:00,Berkeley Running,3.71,00:26:47,7:13,52,"4,900"
Running,2024-09-14 08:23:09,Calaveras County Running,12.11,01:37:37,8:03,"1,936","17,342"
Running,2024-09-09 16:41:32,Berkeley Running,7.17,00:49:53,6:57,302,"9,106"
Running,2024-09-08 18:26:45,Berkeley Running,5.52,00:39:50,7:13,315,"7,416"
Running,2024-09-01 19:30:49,Berkeley Running,13.13,01:37:49,7:27,"1,785","17,694"
Running,2024-08-28 16:20:53,Berkeley Running,5.28,00:44:15,8:22,364,"7,906"
Running,2024-08-27 16:52:44,Berkeley Running,9.47,01:11:18,7:32,"1,007","12,750"
Running,2024-08-24 19:05:38,Berkeley Running,6.74,00:46:54,6:58,305,"8,684"
Running,2024-08-23 07:26:55,Berkeley Running,4.65,00:37:47,8:07,725,"6,736"
Running,2024-08-22 06:45:57,Berkeley Running,8.42,01:15:52,9:00,341,"13,430"
Running,2024-08-21 19:42:03,Berkeley Running,0.86,00:07:16.9,8:26,3,"1,312"
Running,2024-08-21 16:40:09,Berkeley Running,0.87,00:06:26.6,7:23,7,"1,160"
Running,2024-08-21 06:56:21,Berkeley Running,4.82,00:43:14,8:58,571,"7,890"
Running,2024-08-19 17:01:03,Berkeley Running,1.29,00:11:15,8:43,220,"1,982"
Running,2024-08-18 15:28:34,Berkeley Running,4.05,00:30:10,7:27,46,"5,574"
Running,2024-08-14 21:05:38,San Diego Running,4.22,00:32:08,7:37,407,"5,862"
Running,2024-08-13 09:04:31,San Diego Running,3.46,00:31:20,9:03,295,"5,572"
Running,2024-08-11 21:22:55,San Diego Running,4.24,00:33:26,7:53,407,"6,076"
Running,2024-08-10 08:54:04,San Mateo Running,7.75,01:00:23,7:47,289,"10,938"
Running,2024-08-09 18:35:43,Foster City Running,8.71,01:04:30,7:24,135,"11,780"
Running,2024-08-07 08:55:10,Berkeley Running,5.30,00:41:30,7:50,292,"7,538"
Running,2024-08-02 08:15:35,Berkeley Running,3.80,00:30:27,8:01,400,"5,472"
Running,2024-07-27 09:56:43,Berkeley Running,6.80,00:59:12,8:43,988,"10,478"
Running,2024-07-21 19:43:07,Berkeley Running,0.87,00:06:31.2,7:28,7,"1,210"
Running,2024-07-19 13:08:20,Berkeley Running,0.95,00:07:11.5,7:32,20,"1,304"
Running,2024-07-16 18:21:14,Berkeley Running,6.78,00:52:34,7:45,79,"9,464"
Running,2024-07-14 17:40:52,Berkeley Running,0.95,00:06:49.8,7:14,26,"1,256"
Running,2024-07-12 22:05:23,Berkeley Running,6.56,00:48:17,7:22,358,"8,720"
Running,2024-07-11 06:23:09,Berkeley Running,8.91,01:11:18,8:00,341,"12,676"
Running,2024-07-09 18:21:39,Berkeley Running,8.92,01:03:16,7:06,312,"11,454"
Running,2024-07-09 06:49:27,Berkeley Running,5.00,00:39:02,7:48,253,"7,030"
Running,2024-07-06 19:33:23,Chicago Running,7.10,00:49:59,7:02,121,"9,300"
Running,2024-07-02 19:08:06,Berkeley Running,10.55,01:13:37,6:59,302,"13,506"
Running,2024-06-29 08:14:22,Berkeley Running,5.48,00:45:48,8:22,295,"8,098"
Running,2024-06-27 17:19:29,Berkeley Running,7.97,01:05:43,8:15,538,"11,752"
Running,2024-06-25 19:27:04,Berkeley Running,7.02,01:03:13,9:01,886,"11,100"
Running,2024-06-24 19:46:12,Berkeley Running,2.71,00:29:56,11:03,210,"5,090"
Running,2024-06-24 18:20:02,Berkeley Running,3.44,00:30:34,8:53,43,"5,430"
Running,2024-06-21 17:11:27,Berkeley Running,0.95,00:07:16.6,7:39,30,"1,292"
Running,2024-06-20 08:02:35,Berkeley Running,5.05,00:39:08,7:45,358,"7,036"
Running,2024-06-19 15:07:38,Berkeley Running,6.93,00:51:17,7:24,410,"9,262"
Running,2024-06-18 22:05:27,Berkeley Running,4.35,00:32:57,7:34,354,"5,906"
Running,2024-06-18 20:19:17,Berkeley Running,0.95,00:06:49.3,7:12,13,"1,192"
Running,2024-06-15 21:11:44,Berkeley Running,1.07,00:07:37.8,7:08,16,"1,150"
Running,2024-06-15 09:40:04,Berkeley Running,8.70,01:18:23,9:01,640,"13,704"
Running,2024-06-14 15:07:31,Berkeley Running,4.84,00:35:45,7:23,364,"6,442"
Running,2024-06-10 10:53:55,San Diego Running,5.36,00:41:53,7:49,633,"7,454"
Running,2024-06-08 15:35:11,San Diego Running,4.63,00:34:35,7:28,489,"6,114"
Running,2024-06-05 11:11:19,San Diego Running,4.08,00:33:46,8:16,636,"5,916"
Running,2024-05-23 16:10:38,San Diego Running,7.67,01:00:09,7:50,522,"10,654"
Running,2024-05-16 16:28:54,San Diego Running,6.78,00:48:49,7:12,266,"8,900"
Running,2024-05-13 10:47:28,San Diego Running,3.24,00:23:56,7:22,407,"4,358"
Running,2024-05-04 16:07:19,Berkeley Running,5.05,00:43:24,8:35,256,"7,678"
Running,2024-04-28 21:22:36,Berkeley Running,6.25,00:38:00,6:05,102,"7,216"
Running,2024-04-23 16:55:41,Berkeley Running,4.08,00:32:00,7:50,335,"5,592"
Running,2024-04-16 15:57:27,Berkeley Running,4.85,00:38:06,7:51,272,"6,662"
Running,2024-04-10 18:17:22,Berkeley Running,4.65,00:34:41,7:28,276,"6,112"
Running,2024-04-05 21:52:24,Berkeley Running,3.30,00:25:27,7:42,282,"4,556"
Running,2024-04-03 12:43:35,Berkeley Running,6.31,00:43:19,6:52,322,"7,960"
Running,2024-03-31 13:20:53,Berkeley Running,10.91,01:24:42,7:46,"1,224","15,092"
Running,2024-03-27 21:25:32,Daan District Running,4.11,00:31:22,7:37,26,"5,702"
Running,2024-03-26 19:20:26,Daan District Running,4.67,00:32:27,6:57,98,"5,962"
Running,2024-03-25 10:41:58,Xinyi District Running,3.14,00:23:34,7:30,20,"4,262"
Running,2024-03-24 21:10:34,Daan District Running,3.27,00:24:42,7:33,39,"4,530"
Running,2024-03-22 14:15:01,Berkeley Running,3.16,00:22:53,7:14,92,"4,228"
Running,2024-03-21 16:09:58,Berkeley Running,4.59,00:34:44,7:34,354,"6,174"
Running,2024-03-20 18:35:23,Berkeley Running,3.72,00:28:11,7:34,95,"5,092"
Running,2024-03-19 10:24:36,Berkeley Running,4.80,00:40:04,8:21,440,"6,920"
Running,2024-03-18 18:37:47,Berkeley Running,4.33,00:33:38,7:47,266,"5,996"
Running,2024-03-17 19:22:37,Berkeley Running,5.31,00:40:17,7:35,75,"7,376"
Running,2024-03-16 17:02:07,Berkeley Running,8.57,00:56:12,6:33,125,"10,354"
Running,2024-03-15 21:12:38,Berkeley Running,4.12,00:31:44,7:42,272,"5,632"
Running,2024-03-14 18:41:43,Berkeley Running,3.63,00:28:35,7:53,72,"5,000"
Running,2024-03-13 22:30:57,Berkeley Running,5.12,00:44:08,8:37,400,"7,672"
Running,2024-03-12 19:35:14,Berkeley Running,4.52,00:32:45,7:14,82,"6,032"
Running,2024-03-11 22:12:05,Berkeley Running,5.15,00:42:57,8:20,515,"7,568"
Running,2024-03-10 17:37:12,Berkeley Running,7.20,01:02:14,8:39,266,"11,026"
Running,2024-03-09 21:36:10,Berkeley Running,4.20,00:36:43,8:44,223,"6,480"
Running,2024-03-08 17:54:21,Berkeley Running,0.34,00:02:32.0,7:25,--,454
Running,2024-03-08 16:27:29,Berkeley Running,2.92,00:21:03,7:12,249,"3,906"
Running,2024-03-07 18:04:56,Berkeley Running,5.98,00:42:02,7:02,52,"7,660"
Running,2024-03-06 23:10:15,Berkeley Running,3.54,00:22:26,6:20,236,"4,236"
Running,2024-03-05 18:14:01,Berkeley Running,4.42,00:34:12,7:44,46,"6,160"
Running,2024-03-04 21:30:21,Berkeley Running,3.15,00:21:44,6:54,167,"3,996"
Running,2024-03-02 16:46:38,Berkeley Running,5.50,00:46:02,8:22,184,"8,154"
Running,2024-03-01 17:39:30,Berkeley Running,4.36,00:33:48,7:45,322,"6,028"
Running,2024-02-29 10:34:33,Berkeley Running,10.53,01:10:11,6:40,338,"12,996"
Running,2024-02-28 17:10:52,Berkeley Running,5.20,00:38:47,7:27,92,"7,012"
Running,2024-02-27 16:43:50,Berkeley Running,9.07,01:10:06,7:44,367,"12,736"
Running,2024-02-26 22:22:14,Berkeley Running,4.58,00:34:04,7:26,282,"6,172"
Running,2024-02-25 16:22:37,Berkeley Running,4.47,00:29:45,6:39,102,"5,516"
Running,2024-02-24 22:45:16,Berkeley Running,5.20,00:37:13,7:09,302,"6,788"
Running,2024-02-23 16:46:42,Berkeley Running,6.31,00:41:52,6:38,72,"7,640"
Running,2024-02-22 10:26:24,Berkeley Running,6.25,00:44:49,7:10,72,"8,102"
Running,2024-02-21 18:14:23,Berkeley Running,5.02,00:36:30,7:16,220,"6,644"
Running,2024-02-20 15:54:32,Berkeley Running,4.06,00:28:28,7:00,62,"5,154"
Running,2024-02-19 16:08:24,Berkeley Running,4.03,00:35:30,8:49,207,"6,248"
Running,2024-02-18 22:33:50,Berkeley Running,3.16,00:23:40,7:30,66,"4,316"
Running,2024-02-17 18:04:54,Berkeley Running,3.17,00:26:01,8:13,157,"4,586"
Running,2024-02-16 17:15:53,Berkeley Running,3.18,00:24:52,7:50,43,"4,452"
Running,2024-02-15 13:15:24,Berkeley Running,3.15,00:26:18,8:21,187,"4,690"
Running,2024-02-14 08:24:04,Berkeley Running,3.54,00:28:04,7:55,105,"5,130"
Running,2024-02-13 17:19:59,Berkeley Running,3.45,00:26:24,7:39,59,"4,808"
Running,2024-02-13 10:18:18,Berkeley Running,3.12,00:26:14,8:24,89,"4,706"
Running,2024-02-12 16:27:46,Berkeley Running,11.18,01:15:29,6:45,305,"13,986"
Running,2024-02-11 21:49:01,Berkeley Running,6.71,00:49:05,7:19,69,"9,104"
Running,2024-02-10 18:02:29,Berkeley Running,6.07,00:47:48,7:52,52,"8,702"
Running,2024-02-09 07:58:25,Berkeley Running,13.51,02:01:15,8:58,512,"21,656"
Running,2024-02-08 17:26:30,Berkeley Running,6.82,00:54:12,7:57,"1,040","9,880"
Running,2024-02-07 16:40:58,Berkeley Running,8.30,01:01:12,7:23,387,"11,222"
Running,2024-02-06 11:28:18,Berkeley Running,8.50,00:58:23,6:52,295,"10,676"
Running,2024-02-05 22:37:49,Berkeley Running,5.11,00:38:23,7:30,400,"7,008"
Running,2024-02-04 07:36:48,San Francisco Running,7.55,01:09:19,9:11,397,"12,340"
Running,2024-02-03 14:56:03,Berkeley Running,6.06,00:49:21,8:08,331,"8,912"
Running,2024-02-03 13:36:07,Berkeley Running,2.47,00:19:43,7:59,128,"3,538"
Running,2024-02-02 22:12:22,Berkeley Running,3.81,00:30:54,8:07,82,"5,546"
Running,2024-02-01 20:58:31,Berkeley Running,8.04,01:02:13,7:44,725,"11,266"
Running,2024-01-31 09:25:28,Berkeley Running,0.45,00:04:05.7,9:01,39,722
Running,2024-01-31 09:09:53,Berkeley Running,0.38,00:01:24.6,3:45,16,150
Running,2024-01-31 08:27:18,Berkeley Running,5.16,00:38:22,7:26,141,"6,944"
Running,2024-01-30 19:42:43,Berkeley Running,5.02,00:36:15,7:14,75,"6,620"
Running,2024-01-29 09:59:47,Berkeley Running,0.16,00:00:33.8,3:29,23,70
Running,2024-01-29 09:00:09,Berkeley Running,7.19,00:52:28,7:18,20,"9,428"
Running,2024-01-28 08:52:10,Berkeley Running,10.06,01:30:59,9:03,492,"16,066"
Running,2024-01-27 18:03:32,Berkeley Running,8.42,01:00:38,7:12,299,"11,028"
Running,2024-01-26 17:23:58,Berkeley Running,6.02,00:52:34,8:44,341,"9,374"
Running,2024-01-25 11:32:56,Berkeley Running,6.63,00:42:41,6:26,85,"7,866"
Running,2024-01-24 09:50:22,Berkeley Running,0.62,00:04:13.5,6:46,--,774
Running,2024-01-24 07:23:19,Berkeley Running,10.82,01:36:20,8:54,863,"17,234"
Running,2024-01-23 09:04:12,Berkeley Running,5.33,00:43:26,8:09,390,"7,726"
Running,2024-01-22 16:36:13,Berkeley Running,6.02,00:48:06,8:00,30,"8,608"
Running,2024-01-21 15:32:42,Berkeley Running,9.29,01:05:02,7:00,292,"11,764"
Running,2024-01-20 15:15:55,Berkeley Running,5.09,00:38:13,7:30,148,"6,890"
Running,2024-01-19 16:40:56,Berkeley Running,8.23,01:04:42,7:52,364,"11,554"
Running,2024-01-18 20:34:53,Berkeley Running,5.28,00:36:10,6:51,69,"6,568"
Running,2024-01-17 18:48:09,Berkeley Running,7.95,00:59:43,7:31,295,"10,680"
Running,2024-01-16 09:38:36,Berkeley - Recovery,4.19,00:37:04,8:51,161,"6,488"
Running,2024-01-15 15:17:53,Berkeley Running,5.09,00:41:40,8:11,630,"7,474"
Running,2024-01-14 08:58:12,Berkeley Running,5.03,00:40:36,8:05,256,"7,288"
Running,2024-01-13 17:44:37,Berkeley Running,4.13,00:29:56,7:15,98,"5,356"
Running,2024-01-12 17:00:56,San Diego Running,3.71,00:32:24,8:44,728,"5,792"
Running,2024-01-11 22:05:55,San Diego Running,8.40,00:58:53,7:00,807,"10,762"
Running,2024-01-10 22:01:21,San Diego Running,5.07,00:40:05,7:54,456,"7,236"
Running,2024-01-09 16:06:19,San Diego Running,6.23,00:49:35,7:58,751,"8,870"
Running,2024-01-08 17:07:55,San Diego Running,5.20,00:38:18,7:22,505,"6,948"
Running,2024-01-07 18:44:08,San Diego Running,3.53,00:28:27,8:03,305,"5,102"
Running,2024-01-06 15:32:07,San Diego Running,7.72,01:00:30,7:51,515,"10,936"
Running,2024-01-05 21:09:33,San Diego Running,3.38,00:26:36,7:53,279,"4,822"
Running,2024-01-04 13:28:08,San Diego Running,3.23,00:27:18,8:27,420,"4,870"
Running,2024-01-03 20:12:29,San Diego Running,3.12,00:25:52,8:17,305,"4,640"
Running,2024-01-02 17:42:19,San Diego Running,3.22,00:29:36,9:12,289,"5,166"
Running,2024-01-01 15:25:17,San Diego Running,3.18,00:28:32,8:58,295,"5,040"
Track Running,2023-12-31 14:02:05,San Diego Track Running,"50,420",03:52:50,7:26,--,"42,924"
Running,2023-12-31 13:57:54,San Diego Running,0.50,00:03:39.6,7:15,10,666
Running,2023-12-30 15:21:47,San Diego Running,13.47,01:39:55,7:25,751,"18,062"
Running,2023-12-29 13:18:37,San Diego Running,13.14,01:48:55,8:17,430,"19,272"
Running,2023-12-28 13:40:58,San Diego Running,18.06,02:17:58,7:38,764,"24,900"
Running,2023-12-27 10:10:39,San Diego Running,13.17,01:39:16,7:32,197,"17,756"
Running,2023-12-26 14:28:05,San Diego Running,15.12,01:55:29,7:38,"1,365","20,796"
Running,2023-12-25 11:14:11,San Diego Running,15.67,02:11:25,8:23,"1,473","23,116"
Running,2023-12-24 21:14:35,San Diego Running,3.14,00:25:52,8:14,344,"4,594"
Running,2023-12-23 21:14:40,San Diego Running,6.24,00:48:47,7:49,636,"8,750"
Running,2023-12-22 08:49:51,San Diego Running,5.06,00:40:55,8:05,673,"7,278"
Running,2023-12-21 10:56:18,San Diego Running,6.22,00:48:33,7:48,689,"8,684"
Running,2023-12-20 16:08:22,San Diego Running,4.71,00:32:06,6:49,433,"5,854"
Running,2023-12-19 23:06:54,San Diego Running,1.46,00:11:46,8:03,161,"2,110"
Running,2023-12-18 22:04:02,San Diego Running,1.45,00:12:22,8:32,161,"2,202"
Running,2023-12-17 22:27:17,San Diego Running,1.48,00:12:09,8:12,167,"2,154"
Running,2023-12-16 21:43:20,San Diego Running,1.45,00:12:14,8:27,161,"2,194"
Running,2023-12-15 21:39:27,San Diego Running,1.46,00:12:28,8:33,164,"2,236"
Running,2023-12-14 14:36:23,Pasadena Running,7.78,01:02:48,8:04,305,"11,242"
Running,2023-12-13 08:55:15,Berkeley Running,8.11,01:02:27,7:42,200,"11,178"
Running,2023-12-12 10:21:52,Berkeley Running,13.13,01:37:12,7:24,"1,608","17,432"
Running,2023-12-11 10:57:06,Berkeley Running,6.03,00:46:07,7:39,59,"8,348"
Running,2023-12-10 17:46:55,Berkeley Running,7.82,00:55:46,7:08,89,"10,138"
Running,2023-12-09 13:52:05,Berkeley Running,9.04,01:03:57,7:04,253,"11,572"
Running,2023-12-08 09:22:37,Berkeley Running,13.13,01:55:00,8:45,607,"20,278"
Running,2023-12-07 11:22:23,Berkeley Running,6.03,00:45:20,7:31,331,"8,294"
Running,2023-12-06 17:18:15,Berkeley Running,6.13,00:44:06,7:12,49,"7,910"
Running,2023-12-05 15:48:15,Berkeley Running,11.02,01:20:51,7:20,466,"14,518"
Running,2023-12-04 09:55:35,Berkeley Running,7.03,00:56:37,8:03,269,"10,128"
Running,2023-12-03 15:19:39,Berkeley Running,5.02,00:39:06,7:48,82,"7,008"
Running,2023-12-02 15:57:36,Berkeley Running,13.17,01:44:58,7:58,"1,204","18,594"
Running,2023-12-01 16:25:30,Berkeley Running,4.11,00:34:53,8:29,223,"6,254"
Running,2023-11-30 16:19:09,Berkeley Running,7.03,00:44:36,6:21,89,"8,312"
Running,2023-11-29 16:38:49,Berkeley Running,6.05,00:45:58,7:36,289,"8,198"
Running,2023-11-27 16:32:02,Berkeley Running,5.09,00:36:57,7:15,335,"6,734"
Running,2023-11-26 15:44:37,Berkeley Running,4.15,00:31:08,7:30,285,"5,640"
Running,2023-11-25 16:32:17,Lee County Running,10.39,01:15:48,7:18,56,"13,832"
Running,2023-11-24 20:43:23,Lee County Running,5.62,00:39:48,7:05,23,"7,248"
Running,2023-11-23 19:07:48,Lee County Running,6.02,00:42:51,7:07,33,"7,870"
Running,2023-11-22 15:47:07,Lee County Running,4.12,00:31:14,7:35,23,"5,666"
Running,2023-11-21 09:34:54,Berkeley Running,8.10,01:09:58,8:38,308,"12,368"
Running,2023-11-20 16:41:16,Berkeley Running,6.18,00:44:47,7:15,279,"8,088"
Running,2023-11-19 21:07:42,Berkeley Running,5.40,00:41:06,7:37,276,"7,318"
Running,2023-11-18 11:00:06,Berkeley Running,4.25,00:30:09,7:06,269,"5,404"
Running,2023-11-17 12:42:05,Berkeley Running,5.08,00:44:15,8:43,548,"7,658"
Running,2023-11-16 12:45:58,Berkeley Running,5.04,00:37:50,7:30,236,"6,850"
Running,2023-11-15 16:20:56,Berkeley Running,4.13,00:30:27,7:22,39,"5,432"
Running,2023-11-14 17:35:53,Berkeley Running,7.20,00:59:13,8:13,20,"10,372"
Running,2023-11-13 10:26:06,Berkeley Running,4.00,00:28:57,7:14,49,"5,250"
Running,2023-11-12 18:35:12,Berkeley Running,3.95,00:30:02,7:36,108,"5,438"
Running,2023-11-11 10:06:28,Berkeley Running,5.01,00:41:42,8:19,240,"7,360"
Running,2023-11-10 18:05:52,Berkeley Running,2.46,00:21:20,8:39,259,"3,828"
Running,2023-11-09 10:50:15,Berkeley Running,4.09,00:35:10,8:36,272,"6,360"
Running,2023-11-08 16:46:05,Berkeley Running,6.20,00:48:48,7:52,256,"8,702"
Running,2023-11-07 16:42:12,Berkeley Running,0.34,00:02:39.4,7:49,43,484
Running,2023-11-07 16:05:16,Berkeley Running,4.64,00:30:58,6:41,23,"5,642"
Running,2023-11-06 16:34:34,Berkeley Running,5.07,00:42:10,8:19,243,"7,530"
Running,2023-11-05 17:30:51,Berkeley Running,4.10,00:33:39,8:12,243,"5,972"
Running,2023-11-04 18:07:05,Berkeley Running,7.06,00:41:40,5:54,39,"7,678"
Running,2023-11-03 18:45:17,Berkeley Running,4.04,00:30:05,7:27,394,"5,382"
Running,2023-11-02 18:55:54,Berkeley Running,0.62,00:04:28.2,7:11,--,810
Running,2023-11-02 16:23:50,Berkeley Running,5.80,00:52:17,9:01,804,"9,236"
Running,2023-11-01 16:59:10,Berkeley Running,3.59,00:30:04,8:22,157,"5,422"
Running,2023-10-31 19:14:19,Berkeley Running,5.26,00:38:15,7:17,256,"6,968"
Running,2023-10-30 16:22:45,Berkeley Running,4.03,00:28:25,7:03,135,"5,168"
Running,2023-10-28 21:06:09,Berkeley Running,4.16,00:29:22,7:04,433,"5,394"
Running,2023-10-27 10:12:50,Berkeley Running,4.11,00:30:14,7:22,194,"5,570"
Running,2023-10-26 10:32:29,Berkeley Running,5.03,00:36:36,7:17,259,"6,680"
Running,2023-10-25 21:30:44,Berkeley Running,3.31,00:21:52,6:37,236,"3,986"
Running,2023-10-24 10:35:57,Berkeley Running,2.72,00:21:21,7:52,128,"3,896"
Running,2023-10-23 09:57:11,Berkeley Running,3.12,00:23:12,7:26,164,"4,232"
Running,2023-10-22 17:38:41,Berkeley Running,2.54,00:17:59,7:05,49,"3,334"
Running,2023-10-21 07:35:43,Berkeley Running,2.03,00:15:57,7:51,253,"2,908"
Running,2023-10-20 15:57:34,Berkeley Running,2.07,00:15:04,7:17,121,"2,790"
Running,2023-10-19 22:15:27,Berkeley Running,1.72,00:13:15,7:41,89,"2,436"
Running,2023-10-18 21:35:09,Berkeley Running,1.85,00:14:00,7:35,121,"2,574"
Running,2023-10-17 21:38:18,Berkeley Running,1.34,00:10:02,7:30,62,"1,858"
Running,2023-10-16 18:11:45,Berkeley Running,1.42,00:12:05,8:31,279,"2,208"
Running,2023-10-15 16:57:51,Berkeley Running,2.59,00:20:34,7:56,236,"3,726"
Running,2023-10-14 09:02:49,Berkeley Running,13.17,01:39:44,7:34,518,"17,940"
Running,2023-10-13 09:08:36,Berkeley Running,5.13,00:40:45,7:56,266,"7,374"
Running,2023-10-12 09:56:36,Berkeley Running,8.26,01:03:10,7:39,390,"11,436"
Running,2023-10-11 06:38:21,Berkeley Running,4.25,00:33:22,7:51,259,"6,022"
Running,2023-10-10 06:45:58,Berkeley Running,12.04,01:36:05,7:59,482,"17,336"
Running,2023-10-09 10:00:52,Berkeley Running,6.09,00:50:52,8:21,220,"9,214"
Running,2023-10-08 21:07:47,Berkeley Running,4.08,00:34:18,8:24,246,"6,136"
Running,2023-10-07 07:36:33,San Francisco Running,15.48,01:50:59,7:10,"1,614","20,032"
Running,2023-10-06 10:38:13,Berkeley Running,6.34,00:46:34,7:21,322,"8,470"
Running,2023-10-05 21:34:26,Berkeley Running,8.08,01:01:56,7:40,253,"10,884"
Running,2023-10-04 06:35:22,Berkeley Running,4.04,00:35:52,8:53,308,"6,258"
Running,2023-10-03 07:28:55,Berkeley Running,10.09,01:22:20,8:10,"1,076","14,430"
Running,2023-10-02 14:24:36,Berkeley Running,6.27,00:51:02,8:09,246,"8,992"
Running,2023-10-01 16:19:22,Berkeley Running,4.17,00:33:18,7:58,358,"5,902"
Running,2023-09-30 09:15:54,Berkeley Running,13.54,01:34:43,7:00,390,"16,784"
Running,2023-09-29 14:37:10,Berkeley Running,6.13,00:48:50,7:58,315,"8,730"
Running,2023-09-28 15:55:09,Berkeley Running,6.24,00:48:05,7:42,246,"8,664"
Running,2023-09-27 10:39:16,Berkeley Running,4.17,00:32:19,7:45,262,"5,750"
Running,2023-09-26 15:41:13,Berkeley Running,11.06,01:22:43,7:29,636,"14,888"
Running,2023-09-25 09:45:22,Berkeley Running,2.48,00:21:09,8:31,125,"3,774"
Running,2023-09-24 18:02:23,Berkeley Running,5.11,00:41:09,8:03,246,"7,358"
Running,2023-09-23 09:43:01,Berkeley Running,13.18,01:40:47,7:39,358,"17,722"
Running,2023-09-22 17:29:46,Berkeley Running,5.02,00:35:51,7:08,220,"6,390"
Running,2023-09-21 12:52:11,Berkeley Running,6.03,00:45:38,7:34,59,"8,090"
Running,2023-09-20 06:30:20,Berkeley Running,3.13,00:27:23,8:46,269,"4,764"
Running,2023-09-19 15:49:55,Berkeley Running,9.03,01:08:17,7:34,341,"12,236"
Running,2023-09-18 08:21:12,Berkeley Running,5.04,00:44:25,8:49,213,"7,828"
Running,2023-09-17 17:04:59,Berkeley Running,6.07,00:48:20,7:57,479,"8,560"
Running,2023-09-16 09:56:45,Berkeley Running,8.76,01:01:54,7:04,102,"11,216"
Running,2023-09-15 18:41:38,Berkeley Running,6.10,00:47:08,7:44,226,"8,354"
Running,2023-09-14 10:25:10,Berkeley Running,7.04,00:58:11,8:16,587,"10,234"
Running,2023-09-13 06:24:57,Berkeley Running,4.04,00:36:12,8:58,256,"6,350"
Running,2023-09-12 17:45:50,Berkeley Running,9.06,01:04:52,7:10,482,"11,826"
Running,2023-09-11 18:23:24,Berkeley Running,6.38,00:52:10,8:10,541,"9,252"
Running,2023-09-10 17:51:02,Berkeley Running,4.04,00:32:10,7:58,207,"5,744"
Running,2023-09-10 16:24:21,Berkeley Running,0.75,00:05:45.8,7:42,115,"1,034"
Running,2023-09-09 09:17:28,Berkeley Running,11.04,01:20:43,7:19,"1,060","14,448"
Running,2023-09-08 17:20:56,Berkeley Running,5.02,00:39:52,7:56,666,"7,040"
Running,2023-09-07 15:59:10,Berkeley Running,6.08,00:46:35,7:40,344,"8,332"
Running,2023-09-06 06:31:44,Berkeley Running,4.02,00:35:26,8:49,259,"6,164"
Running,2023-09-05 07:35:48,Berkeley Running,8.03,01:01:10,7:37,292,"10,914"
Running,2023-09-04 16:30:49,Berkeley Running,0.31,00:01:31.1,4:56,20,274
Running,2023-09-04 15:38:08,Berkeley Running,6.03,00:48:20,8:01,187,"8,552"
Running,2023-09-03 17:59:49,Berkeley Running,4.73,00:39:43,8:24,315,"6,888"
Running,2023-09-02 10:46:18,Berkeley Running,10.02,01:16:11,7:36,338,"13,536"
Running,2023-09-01 19:27:28,Berkeley Running,3.29,00:26:40,8:06,230,"4,704"
Running,2023-08-31 17:21:14,Berkeley Running,6.07,00:46:35,7:41,696,"8,216"
Running,2023-08-30 06:22:53,Berkeley Running,4.23,00:35:06,8:18,246,"6,116"
Running,2023-08-29 07:17:41,Berkeley Running,7.04,00:52:27,7:27,276,"9,364"
Running,2023-08-28 10:36:38,Berkeley Running,5.02,00:38:24,7:39,528,"6,862"
Running,2023-08-27 10:22:24,Berkeley Running,6.09,00:48:26,7:57,299,"8,596"
Running,2023-08-26 10:10:00,Berkeley Running,14.02,01:40:40,7:11,"1,047","17,476"
Running,2023-08-25 10:55:09,Berkeley Running,2.53,00:21:31,8:31,207,"3,760"
Running,2023-08-24 10:12:55,Berkeley Running,6.13,00:51:21,8:23,"1,079","8,864"
Running,2023-08-23 10:47:55,Berkeley Running,4.79,00:36:03,7:31,374,"6,444"
Running,2023-08-22 15:38:48,Berkeley Running,3.98,00:30:32,7:40,240,"5,408"
Running,2023-08-21 17:19:53,Berkeley Running,4.48,00:37:09,8:17,453,"6,492"
Running,2023-08-20 08:25:51,Berkeley Running,6.61,00:53:44,8:08,289,"9,412"
Running,2023-08-19 18:04:33,Berkeley Running,5.76,00:47:52,8:19,"1,020","8,352"
Running,2023-08-18 10:03:08,Berkeley Running,2.76,00:20:21,7:23,187,"3,584"
Running,2023-08-17 06:19:26,Berkeley Running,4.11,00:41:55,10:12,364,"7,170"
Running,2023-08-16 16:23:25,Berkeley Running,3.57,00:27:23,7:40,344,"4,810"
Running,2023-08-15 05:11:08,San Diego Running,3.48,00:31:25,9:02,308,"5,394"
Running,2023-08-14 07:30:24,San Diego Running,3.14,00:25:50,8:14,351,"4,512"
Running,2023-08-13 15:40:41,San Diego Running,2.39,00:20:03,8:22,246,"3,496"
Running,2023-08-12 17:43:07,San Diego Running,4.28,00:35:40,8:20,453,"6,262"
Running,2023-08-11 14:02:37,San Diego Running,2.44,00:20:27,8:23,387,"3,574"
Running,2023-08-10 16:08:26,San Diego Running,3.46,00:30:11,8:43,194,"5,240"
Running,2023-08-09 16:08:53,San Diego Running,2.56,00:20:44,8:05,492,"3,614"
Running,2023-08-08 15:52:27,San Diego Running,3.18,00:25:20,7:58,354,"4,480"
Running,2023-08-07 21:40:25,San Diego Running,2.32,00:20:43,8:55,262,"3,620"
Running,2023-08-06 19:13:43,San Diego Running,2.31,00:20:03,8:40,210,"3,602"
Running,2023-08-05 22:32:53,Benito Juárez Running,2.40,00:20:47,8:39,46,"3,594"
Running,2023-08-04 22:14:19,Benito Juárez Running,2.75,00:22:15,8:04,52,"3,968"
Running,2023-08-03 22:18:27,Benito Juárez Running,3.78,00:30:21,8:01,39,"5,404"
Running,2023-08-02 12:13:12,Benito Juárez Running,1.76,00:15:01,8:33,43,"2,620"
Running,2023-08-01 20:44:01,Benito Juárez Running,2.47,00:20:24,8:16,23,"3,586"
Running,2023-07-31 09:58:54,San Diego Running,3.58,00:28:53,8:04,226,"5,108"
Running,2023-07-30 18:36:32,San Diego Running,2.67,00:20:33,7:42,233,"3,660"
Running,2023-07-29 22:18:33,San Diego Running,2.50,00:20:01,8:00,259,"3,522"
Running,2023-07-28 20:40:13,San Diego Running,2.43,00:20:08,8:17,177,"3,572"
Running,2023-07-27 20:50:26,San Diego Running,2.39,00:20:38,8:37,240,"3,602"
Running,2023-07-26 09:00:01,San Mateo Running,2.36,00:20:25,8:38,46,"3,578"
Running,2023-07-25 15:48:19,San Mateo Running,2.31,00:20:36,8:54,148,"3,628"
Running,2023-07-24 18:06:08,San Mateo Running,2.74,00:22:39,8:15,108,"4,038"
Running,2023-07-23 05:16:21,San Francisco Running,26.42,03:21:30,7:38,"1,371","35,690"
Running,2023-07-22 08:22:09,San Francisco Running,2.25,00:20:08,8:56,325,"3,508"
Running,2023-07-21 16:38:40,San Francisco Running,3.58,00:30:07,8:24,794,"5,244"
Running,2023-07-20 09:52:56,San Diego Running,0.31,00:01:44.0,5:35,10,314
Running,2023-07-20 09:04:47,San Diego Running,5.82,00:45:02,7:44,476,"7,844"
Running,2023-07-19 14:58:27,San Diego Running,4.21,00:35:07,8:21,479,"6,126"
Running,2023-07-18 16:59:21,San Diego Running,7.03,00:58:49,8:22,804,"10,230"
Running,2023-07-17 09:13:15,San Diego Running,4.86,00:40:31,8:20,551,"7,072"
Running,2023-07-16 20:53:35,San Diego Running,2.28,00:20:14,8:52,269,"3,542"
Running,2023-07-15 21:20:01,San Diego Running,7.63,01:00:09,7:53,699,"10,644"
Running,2023-07-14 12:38:37,San Diego Running,5.07,00:40:01,7:53,725,"7,012"
Running,2023-07-13 17:37:00,San Diego Running,6.68,00:49:08,7:21,440,"8,644"
Running,2023-07-12 12:47:45,San Diego Running,5.37,00:45:07,8:24,505,"7,872"
Track Running,2023-07-11 09:15:16,San Diego Track Running,"14,480",01:05:12,7:15,3,"11,526"
Running,2023-07-10 14:51:19,San Diego Running,5.39,00:45:02,8:22,715,"7,790"
Running,2023-07-09 17:24:56,San Diego Running,2.15,00:20:04,9:19,174,"3,498"
Running,2023-07-08 06:49:14,Pasadena Running,16.23,02:01:51,7:30,"1,631","21,920"
Running,2023-07-07 09:30:37,San Diego Running,4.93,00:40:42,8:15,699,"7,118"
Running,2023-07-06 16:01:11,San Diego Running,10.87,01:15:03,6:54,249,"13,462"
Running,2023-07-05 17:44:42,San Diego Running,5.75,00:45:05,7:50,679,"7,982"
Running,2023-07-04 09:02:32,San Diego Running,10.96,01:15:46,6:55,10,"13,406"
Running,2023-07-03 18:00:02,San Diego Running,5.87,00:45:07,7:41,689,"8,064"
Running,2023-07-02 13:27:30,Monterey County Running,2.41,00:20:44,8:35,151,"3,582"
Running,2023-07-01 04:33:27,San Diego Running,14.35,01:50:31,7:42,902,"19,454"
Running,2023-06-30 09:35:34,San Diego Running,4.78,00:40:31,8:29,676,"7,008"
Running,2023-06-29 13:38:50,San Diego Running,8.45,01:05:15,7:43,682,"11,440"
Running,2023-06-28 14:00:22,San Diego Running,5.44,00:45:05,8:18,568,"7,780"
Running,2023-06-27 12:51:31,San Diego Running,8.18,00:55:07,6:44,46,"9,602"
Running,2023-06-26 15:37:57,San Diego Running,5.51,00:45:06,8:11,673,"7,814"
Running,2023-06-25 20:36:44,San Diego Running,2.33,00:20:05,8:36,223,"3,480"
Running,2023-06-24 08:56:48,San Diego Running,13.14,01:40:32,7:39,860,"17,654"
Running,2023-06-23 20:17:57,San Diego Running,5.47,00:45:03,8:14,528,"7,766"
Running,2023-06-22 16:11:19,San Diego Running,0.35,00:02:03.3,5:48,10,346
Running,2023-06-22 15:03:02,San Diego Running,8.39,01:05:24,7:48,915,"11,208"
Running,2023-06-21 20:03:56,San Diego Running,5.60,00:45:06,8:03,643,"7,894"
Running,2023-06-20 11:09:54,San Diego Running,8.89,01:01:00,6:52,16,"10,652"
Running,2023-06-19 15:30:11,San Diego Running,5.73,00:45:13,7:53,666,"7,818"
Running,2023-06-18 11:45:21,San Diego Running,2.20,00:18:02,8:12,151,"3,198"
Running,2023-06-17 13:21:05,San Diego Running,9.74,01:15:17,7:44,"1,276","13,300"
Running,2023-06-16 13:40:14,San Diego Running,5.47,00:40:08,7:20,607,"7,152"
Running,2023-06-15 13:08:14,San Diego Running,8.36,01:00:24,7:13,965,"10,562"
Running,2023-06-14 16:32:18,San Diego Running,5.31,00:40:04,7:33,643,"7,134"
Running,2023-06-13 17:28:10,San Diego Running,7.13,00:55:08,7:44,994,"9,652"
Running,2023-06-12 18:05:32,San Diego Running,4.49,00:35:28,7:54,574,"6,204"
Running,2023-06-11 19:42:07,San Diego Running,2.37,00:20:08,8:29,367,"3,486"
Running,2023-06-10 09:15:25,San Mateo Running,11.87,01:30:19,7:37,"1,283","15,778"
Running,2023-06-09 15:26:44,San Mateo Running,4.75,00:40:05,8:26,463,"6,906"
Running,2023-06-08 17:26:02,San Mateo Running,8.50,01:00:09,7:05,604,"10,522"
Running,2023-06-07 13:22:49,San Mateo Running,5.91,00:50:04,8:28,157,"8,778"
Running,2023-06-06 17:13:21,San Mateo Running,2.30,00:18:16,7:56,194,"3,206"
Track Running,2023-06-06 16:04:19,San Mateo Track Running,"4,830",00:22:40,7:33,--,"3,998"
Running,2023-06-05 10:14:32,San Mateo Running,8.02,00:55:04,6:52,194,"9,792"
Running,2023-06-04 10:01:26,San Mateo Running,3.20,00:26:15,8:13,316,"4,608"
Running,2023-06-04 05:05:47,Sydney Running,11.16,01:20:09,7:11,873,"14,448"
Running,2023-06-03 11:36:34,Sydney Running,5.02,00:40:14,8:01,531,"7,066"
Running,2023-06-02 10:38:51,Sydney Running,7.40,00:50:05,6:46,"1,109","9,012"
Running,2023-06-01 17:34:21,Brisbane Running,6.11,00:50:04,8:11,7,"8,844"
Running,2023-05-31 13:38:48,Brisbane Running,4.96,00:40:03,8:05,419,"7,194"
Running,2023-05-29 19:47:52,Brisbane Running,3.59,00:20:11,5:37,217,"3,592"
Running,2023-05-27 15:47:46,San Mateo Running,10.05,01:10:10,6:59,71,"12,706"
Running,2023-05-26 22:04:07,San Mateo Running,4.39,00:35:08,8:00,13,"6,384"
Running,2023-05-25 13:15:55,San Mateo Running,7.45,00:50:06,6:44,142,"9,088"
Running,2023-05-24 16:59:29,San Mateo Running,6.54,00:46:38,7:08,13,"8,534"
Running,2023-05-23 15:19:55,San Mateo Running,4.92,00:40:16,8:11,389,"7,020"
Running,2023-05-22 16:03:29,San Mateo Running,6.44,00:50:06,7:47,544,"8,736"
Running,2023-05-21 22:38:12,San Mateo Running,2.23,00:20:03,9:00,12,"3,486"
Running,2023-05-20 09:09:55,San Mateo Running,7.43,01:00:04,8:05,"1,080","10,486"
Running,2023-05-19 15:16:38,San Mateo Running,4.58,00:40:05,8:45,524,"6,770"
Running,2023-05-18 22:21:53,San Mateo Running,4.57,00:35:02,7:40,155,"6,218"
Running,2023-05-17 15:23:56,San Mateo Running,5.35,00:46:18,8:40,490,"7,884"
Running,2023-05-16 16:16:40,San Mateo Running,4.99,00:41:23,8:18,513,"7,098"
Running,2023-05-15 16:55:34,San Mateo Running,2.47,00:21:37,8:45,72,"3,780"
Running,2023-05-14 17:16:57,Foster City Running,7.01,00:50:03,7:08,39,"8,932"
Running,2023-05-12 16:16:58,San Mateo Running,2.75,00:21:31,7:49,87,"3,688"
Running,2023-05-11 16:20:16,San Mateo Running,2.57,00:19:53,7:44,95,"3,496"
Running,2023-05-10 17:30:03,San Mateo Running,5.38,00:40:01,7:26,306,"7,064"
Running,2023-05-09 16:20:03,San Mateo Running,3.85,00:25:56,6:45,82,"4,432"
Running,2023-05-08 16:23:07,San Mateo Running,6.36,00:50:01,7:52,200,"8,650"
Running,2023-05-07 08:52:30,San Mateo Running,5.16,00:40:03,7:46,310,"7,160"
Running,2023-05-06 14:15:34,Redwood City Running,2.67,00:22:51,8:33,--,"3,922"
Running,2023-05-06 13:44:28,Redwood City Running,2.05,00:10:38,5:11,--,"1,936"
Running,2023-05-06 12:08:13,Redwood City Running,1.19,00:11:10,9:21,12,"1,948"
Running,2023-05-06 11:30:12,Redwood City Running,1.01,00:04:39.3,4:38,--,884
Running,2023-05-06 10:54:54,Redwood City Running,1.12,00:10:13,9:06,5,"1,784"
Running,2023-05-05 16:26:23,San Mateo Running,2.85,00:24:25,8:35,83,"4,278"
Running,2023-05-04 16:21:09,San Mateo Running,2.93,00:23:16,7:57,135,"4,096"
Running,2023-05-03 16:01:19,San Mateo Running,5.30,00:40:02,7:33,178,"7,066"
Running,2023-05-02 16:17:38,San Mateo Running,4.18,00:35:08,8:25,174,"6,140"
Running,2023-05-01 16:25:28,San Mateo Running,6.25,00:50:02,8:00,128,"8,790"
Running,2023-04-30 20:09:58,San Mateo Running,3.87,00:30:04,7:46,123,"5,414"
Running,2023-04-29 15:44:10,Atherton Running,3.76,00:25:24,6:45,1,"4,364"
Running,2023-04-28 16:22:44,San Mateo Running,4.62,00:40:42,8:49,488,"6,978"
Running,2023-04-27 19:48:22,Redwood City Running,0.42,00:04:21.3,10:20,5,756
Running,2023-04-26 15:28:46,San Mateo Running,3.67,00:29:32,8:03,136,"5,244"
Running,2023-04-25 16:24:25,San Mateo Running,5.52,00:44:58,8:09,478,"7,866"
Running,2023-04-24 16:33:17,San Mateo Running,3.78,00:27:40,7:19,118,"4,848"
Running,2023-04-23 22:33:38,San Mateo Running,2.48,00:21:02,8:28,16,"3,818"
Running,2023-04-22 18:33:50,San Mateo Running,8.30,01:00:03,7:14,25,"11,030"
Running,2023-04-21 15:20:08,San Mateo Running,5.01,00:34:13,6:50,101,"6,158"
Running,2023-04-20 16:25:53,San Mateo Running,3.38,00:30:01,8:53,361,"5,286"
Running,2023-04-19 18:37:33,San Mateo Running,3.12,00:26:47,8:36,11,"4,796"
Running,2023-04-19 17:38:05,San Mateo Running,2.01,00:10:42,5:20,47,"2,006"
Running,2023-04-19 17:03:00,San Mateo Running,0.58,00:05:59.6,10:25,4,"1,068"
Running,2023-04-19 16:44:10,San Mateo Running,0.50,00:02:11.2,4:22,8,390
Running,2023-04-19 16:06:19,San Mateo Running,1.45,00:13:30,9:19,10,"2,460"
Running,2023-04-19 15:25:56,San Mateo Running,1.03,00:04:49.4,4:42,15,894
Running,2023-04-19 15:10:44,San Mateo Running,0.59,00:05:22.6,9:06,--,958
Running,2023-04-18 16:32:33,San Mateo Running,5.69,00:47:42,8:23,208,"8,542"
Running,2023-04-17 21:08:21,San Mateo Running,3.19,00:25:03,7:51,23,"4,596"
Running,2023-04-17 16:24:25,San Mateo Running,2.69,00:18:56,7:02,101,"3,356"
Running,2023-04-16 10:19:36,San Mateo Running,5.82,00:50:05,8:37,24,"9,018"
Running,2023-04-15 10:14:48,Livermore Running,5.08,00:48:55,9:38,16,"8,542"
Running,2023-04-15 09:48:11,Livermore Running,1.99,00:10:15,5:09,--,"1,910"
Running,2023-04-15 09:09:08,Livermore Running,1.80,00:15:12,8:26,16,"2,692"
Running,2023-04-14 16:22:19,San Mateo Running,4.80,00:42:20,8:49,162,"7,496"
Running,2023-04-13 16:24:07,San Mateo Running,3.93,00:28:49,7:20,70,"5,168"
Running,2023-04-12 18:27:00,San Mateo Running,2.79,00:23:07,8:17,76,"4,106"
Running,2023-04-11 16:23:00,San Mateo Running,5.17,00:45:03,8:43,191,"7,868"
Running,2023-04-10 17:16:14,San Mateo Running,0.54,00:05:23.2,9:55,9,932
Running,2023-04-10 17:00:00,San Mateo Running,0.78,00:08:48.6,11:15,4,"1,070"
Running,2023-04-09 15:39:01,San Mateo Running,3.37,00:30:01,8:54,147,"5,260"
Running,2023-04-08 09:18:05,San Mateo Running,9.31,01:12:39,7:48,524,"12,934"
Running,2023-04-07 17:01:21,San Mateo Running,0.93,00:05:37.5,6:04,--,"1,012"
Running,2023-04-06 16:23:53,San Mateo Running,5.32,00:42:15,7:57,148,"7,394"
Running,2023-04-05 16:19:48,San Mateo Running,5.03,00:45:05,8:58,641,"7,726"
Running,2023-04-04 17:21:33,San Mateo Running,0.92,00:06:05.8,6:36,1,"1,054"
Running,2023-03-27 15:23:27,Los Angeles Running,5.01,00:35:17,7:03,249,"6,184"
Running,2023-03-26 21:10:37,Los Angeles Running,3.75,00:30:03,8:00,435,"5,272"
Running,2023-03-10 16:24:46,San Mateo Running,4.69,00:41:49,8:55,192,"7,288"
Running,2023-03-08 21:57:17,San Mateo Running,6.08,00:45:05,7:25,224,"8,026"
Running,2023-03-07 16:29:58,San Mateo Running,4.65,00:30:15,6:30,116,"5,388"
Running,2023-03-05 10:02:39,San Mateo Running,7.19,01:02:00,8:37,"1,152","10,714"
Running,2023-03-04 18:30:07,Pleasanton Running,2.75,00:23:49,8:40,33,"4,180"
Running,2023-03-04 18:08:03,Pleasanton Running,1.00,00:04:38.5,4:37,--,916
Running,2023-03-04 17:24:52,Pleasanton Running,2.14,00:16:58,7:54,10,"2,956"
Running,2023-03-03 17:11:35,San Mateo Running,0.16,00:00:42.6,4:30,--,62
Running,2023-03-03 16:34:43,San Mateo Running,4.25,00:35:02,8:15,180,"6,164"
Running,2023-03-02 17:29:48,San Mateo Running,1.38,00:11:13,8:09,40,"1,856"
Running,2023-03-02 16:42:06,San Mateo Running,5.15,00:45:03,8:45,341,"7,754"
Running,2023-03-01 18:16:52,San Mateo Running,4.77,00:36:23,7:38,73,"6,428"
Running,2023-03-01 16:50:43,San Mateo Running,0.51,00:02:09.0,4:13,3,386
Running,2023-03-01 16:20:32,San Mateo Running,1.12,00:09:39.6,8:38,3,"1,610"
Running,2023-02-28 16:10:47,San Mateo Running,5.19,00:41:42,8:02,179,"7,198"
Running,2023-02-27 16:22:43,San Mateo Running,5.48,00:38:23,7:00,190,"6,714"
Running,2023-02-26 21:08:29,San Mateo Running,2.35,00:20:09,8:34,10,"3,670"
Running,2023-02-25 20:53:57,San Mateo Running,3.50,00:25:02,7:09,15,"4,558"
Running,2023-02-25 10:41:45,Foster City Running,0.26,00:01:08.9,4:25,--,152
Running,2023-02-25 09:19:50,Foster City Running,10.02,01:15:08,7:30,20,"13,536"
Running,2023-02-24 16:13:28,San Mateo Running,4.67,00:40:06,8:35,183,"6,994"
Running,2023-02-23 16:27:22,San Mateo Running,7.35,00:55:08,7:30,602,"9,648"
Running,2023-02-21 16:57:37,San Mateo Running,0.26,00:01:12.6,4:40,--,158
Running,2023-02-21 16:09:25,San Mateo Running,5.35,00:45:07,8:26,522,"7,816"
Running,2023-02-20 10:20:57,San Mateo Running,5.78,00:40:18,6:58,127,"7,110"
Running,2023-02-19 20:50:09,San Mateo Running,2.36,00:20:02,8:29,3,"3,552"
Running,2023-02-18 21:38:40,San Mateo Running,3.46,00:25:12,7:17,13,"4,526"
Running,2023-02-18 09:25:23,San Mateo Running,8.80,01:15:04,8:32,"1,268","12,900"
Running,2023-02-17 15:51:12,San Mateo Running,0.52,00:04:05.7,7:49,17,696
Running,2023-02-17 15:03:08,San Mateo Running,4.96,00:40:07,8:05,331,"7,082"
Running,2023-02-16 16:33:44,San Mateo Running,5.46,00:50:42,9:17,709,"8,636"
Running,2023-02-15 16:15:29,San Mateo Running,5.43,00:40:03,7:23,348,"7,058"
Running,2023-02-14 17:16:37,San Mateo Running,0.56,00:02:28.6,4:24,4,428
Running,2023-02-14 16:25:58,San Mateo Running,5.30,00:45:01,8:29,509,"7,768"
Running,2023-02-13 16:32:37,San Mateo Running,6.27,00:41:41,6:39,174,"7,354"
Running,2023-02-12 12:22:32,San Mateo Running,2.40,00:20:02,8:22,249,"3,484"
Running,2023-02-11 20:23:02,San Mateo Running,10.07,01:15:07,7:28,32,"13,482"
Running,2023-02-11 05:50:59,San Mateo Running,3.14,00:25:03,7:59,35,"4,472"
Running,2023-02-10 17:08:50,San Mateo Running,0.56,00:02:41.1,4:48,--,452
Running,2023-02-10 16:20:56,San Mateo Running,4.69,00:40:04,8:33,534,"6,906"
Running,2023-02-09 16:15:56,San Mateo Running,6.28,00:46:49,7:27,437,"8,196"
Running,2023-02-08 16:18:51,San Mateo Running,6.19,00:45:04,7:17,134,"8,002"
Running,2023-02-07 16:19:11,San Mateo Running,8.33,01:03:19,7:36,499,"11,188"
Running,2023-02-06 16:32:09,San Mateo Running,5.82,00:40:02,6:53,138,"7,096"
Running,2023-02-05 16:52:34,San Mateo Running,2.75,00:20:02,7:17,70,"3,608"
Running,2023-02-04 20:55:20,San Mateo Running,2.65,00:20:03,7:34,12,"3,606"
Running,2023-02-04 09:14:12,San Mateo Running,8.99,01:15:05,8:21,"1,133","12,996"
Running,2023-02-03 20:58:19,San Mateo Running,4.47,00:35:04,7:51,89,"6,196"
Running,2023-02-02 16:27:08,San Mateo Running,6.01,00:40:19,6:43,101,"7,162"
Running,2023-02-01 16:30:37,San Mateo Running,4.17,00:35:02,8:24,449,"6,014"
Running,2023-01-31 16:15:56,San Mateo Running,7.48,00:50:19,6:43,373,"8,924"
Running,2023-01-30 16:24:26,San Mateo Running,5.66,00:44:37,7:53,573,"7,710"
Running,2023-01-29 19:28:09,San Mateo Running,3.85,00:30:05,7:49,16,"5,326"
Running,2023-01-28 09:28:40,San Mateo County Running,11.34,01:30:46,8:01,"1,446","15,590"
Running,2023-01-26 17:10:14,San Mateo Running,1.56,00:10:09,6:31,8,"1,788"
Running,2023-01-26 16:16:01,San Mateo Running,5.92,00:45:11,7:38,397,"7,838"
Running,2023-01-25 15:55:32,San Mateo Running,5.89,00:45:04,7:39,371,"7,896"
Running,2023-01-24 16:20:37,San Mateo Running,5.50,00:36:34,6:39,141,"6,460"
Running,2023-01-23 16:16:26,San Mateo Running,5.13,00:45:24,8:51,510,"7,768"
Running,2023-01-22 09:58:30,San Mateo Running,11.25,01:25:06,7:34,"1,292","14,810"
Running,2023-01-21 14:46:05,Los Gatos Running,1.13,00:10:13,9:01,10,"1,758"
Running,2023-01-21 14:19:59,Los Gatos Running,2.00,00:10:49,5:25,--,"1,996"
Running,2023-01-21 13:44:49,Los Gatos Running,1.07,00:10:24,9:45,18,"1,770"
Running,2023-01-21 13:19:10,Los Gatos Running,1.02,00:04:54.1,4:50,--,922
Running,2023-01-21 11:49:53,Los Gatos Running,2.24,00:20:02,8:55,15,"3,462"
Running,2023-01-20 06:26:31,San Mateo Running,3.40,00:30:03,8:50,13,"5,264"
Running,2023-01-19 16:21:01,San Mateo Running,5.74,00:35:04,6:07,75,"6,308"
Running,2023-01-18 15:59:02,San Mateo Running,5.38,00:40:04,7:27,264,"7,090"
Running,2023-01-17 16:12:55,San Mateo Running,6.21,00:50:02,8:04,"1,111","8,668"
Running,2023-01-16 15:10:57,Foster City Running,6.79,00:50:28,7:26,34,"8,854"
Running,2023-01-15 15:11:45,San Mateo Running,2.65,00:21:03,7:57,20,"3,684"
Running,2023-01-14 15:33:52,San Mateo County Running,0.23,00:01:05.9,4:43,4,132
Running,2023-01-14 14:13:00,San Mateo County Running,10.57,01:20:02,7:34,418,"13,970"
Running,2023-01-13 15:04:07,San Mateo Running,5.08,00:40:33,7:59,358,"7,098"
Running,2023-01-12 16:16:28,San Mateo Running,5.40,00:33:40,6:14,82,"5,942"
Running,2023-01-11 17:17:15,San Mateo Running,4.74,00:40:18,8:30,114,"6,874"
Running,2023-01-10 07:57:23,San Mateo Running,6.73,00:50:06,7:27,30,"8,878"
Running,2023-01-09 16:13:55,San Mateo Running,4.65,00:28:54,6:13,59,"5,282"
Running,2023-01-08 16:50:50,San Mateo Running,2.59,00:20:01,7:44,78,"3,546"
Running,2023-01-07 10:25:58,San Mateo County Running,0.29,00:01:21.7,4:40,8,158
Running,2023-01-06 08:13:19,San Mateo Running,4.17,00:35:02,8:24,20,"6,196"
Running,2023-01-05 16:15:04,San Mateo Running,7.57,00:53:48,7:06,32,"9,610"
Running,2023-01-04 06:11:58,San Mateo Running,4.75,00:35:05,7:23,22,"6,250"
Running,2023-01-03 10:20:01,San Mateo Running,5.68,00:46:01,8:06,334,"8,106"
Running,2023-01-02 13:56:06,San Mateo Running,5.87,00:40:01,6:49,25,"7,304"
Running,2023-01-01 17:29:40,San Mateo Running,2.64,00:20:24,7:44,7,"3,704"
Running,2022-12-31 14:18:14,Lexington Running,0.22,00:01:13.2,5:34,--,202
Running,2022-12-31 12:56:00,Lexington Running,10.17,01:15:08,7:23,547,"13,284"
Running,2022-12-30 14:43:29,Lexington Running,5.31,00:42:37,8:02,297,"7,524"
Running,2022-12-29 12:52:50,Lexington Running,6.60,00:50:04,7:35,397,"8,822"
Running,2022-12-28 22:36:45,Lexington Running,6.33,00:45:03,7:07,259,"8,034"
Running,2022-12-27 23:37:54,Fort Myers Running,0.43,00:02:52.7,6:42,--,514
Running,2022-12-27 22:38:08,Fort Myers Running,7.04,00:55:04,7:49,--,"9,672"
Running,2022-12-26 20:57:24,Fort Myers Running,6.92,00:50:03,7:14,--,"8,996"
Running,2022-12-25 13:41:04,Hermosa Beach Running,0.39,00:01:48.8,4:39,--,288
Running,2022-12-25 13:18:56,Hermosa Beach Running,2.74,00:20:03,7:18,21,"3,622"
Running,2022-12-24 20:59:29,El Segundo Running,7.13,00:50:05,7:02,322,"8,942"
Running,2022-12-23 08:12:40,San Mateo Running,8.02,01:03:02,7:52,"1,282","11,036"
Running,2022-12-22 16:15:13,San Mateo Running,3.04,00:20:05,6:37,36,"3,658"
Running,2022-12-21 17:53:06,San Mateo Running,4.84,00:35:03,7:15,35,"6,300"
Running,2022-12-20 16:16:49,San Mateo Running,5.10,00:44:18,8:41,620,"7,564"
Running,2022-12-16 06:46:59,San Mateo Running,2.30,00:20:04,8:43,8,"3,586"
Running,2022-12-15 16:16:35,San Mateo Running,6.10,00:50:02,8:12,"1,013","8,726"
Running,2022-12-14 21:21:37,San Mateo Running,0.56,00:02:20.1,4:09,--,272
Running,2022-12-14 20:47:35,San Mateo Running,4.21,00:30:09,7:10,19,"5,404"
Running,2022-12-13 08:56:18,San Mateo Running,7.36,00:50:09,6:49,14,"9,000"
Running,2022-12-12 16:19:02,San Mateo Running,4.92,00:40:03,8:08,"1,003","6,914"
Running,2022-12-11 11:38:11,San Mateo Running,4.42,00:31:26,7:06,96,"5,620"
Running,2022-12-10 11:10:10,San Mateo Running,8.80,01:05:04,7:23,471,"11,520"
Running,2022-12-09 15:01:43,San Mateo Running,4.96,00:40:02,8:04,538,"6,810"
Running,2022-12-08 07:55:52,San Mateo Running,6.57,00:50:05,7:37,340,"8,806"
Running,2022-12-07 16:20:30,San Mateo Running,5.09,00:40:02,7:52,545,"6,882"
Running,2022-12-06 16:13:21,San Mateo Running,5.89,00:50:25,8:34,530,"8,552"
Running,2022-12-05 16:20:08,San Mateo Running,5.10,00:40:15,7:54,538,"6,998"
Running,2022-12-04 17:57:21,San Mateo Running,3.39,00:24:34,7:15,22,"4,392"
Running,2022-12-03 10:08:42,San Mateo County Running,0.32,00:02:35.4,8:11,20,332
Running,2022-12-02 22:56:25,San Mateo Running,3.06,00:20:00,6:32,7,"3,574"
Running,2022-12-01 16:22:34,San Mateo Running,3.65,00:30:48,8:27,150,"5,350"
Running,2022-11-30 21:33:56,San Mateo Running,3.33,00:25:02,7:31,12,"4,456"
Running,2022-11-29 16:06:23,San Mateo Running,4.01,00:33:39,8:23,445,"5,740"
Running,2022-11-28 16:19:43,San Mateo Running,3.59,00:30:02,8:22,412,"5,174"
Running,2022-11-27 20:00:08,San Mateo Running,4.20,00:30:02,7:09,19,"5,450"
Running,2022-11-19 09:10:11,San Mateo County Running,6.60,00:50:01,7:35,184,"8,794"
Running,2022-11-17 16:17:44,San Mateo Running,6.89,00:53:51,7:49,129,"9,374"
Running,2022-11-15 16:19:42,San Mateo Running,6.83,00:51:37,7:33,164,"9,062"
Running,2022-11-13 21:02:22,San Mateo Running,4.03,00:30:01,7:27,19,"5,416"
Running,2022-11-12 16:14:10,San Mateo County Running,3.99,00:34:16,8:35,609,"5,910"
Running,2022-11-12 14:38:24,San Mateo County Running,1.98,00:16:45,8:27,219,"2,824"
Running,2022-11-11 13:31:19,San Mateo Running,4.45,00:36:34,8:13,432,"6,290"
Running,2022-11-10 16:25:49,San Mateo Running,4.95,00:40:18,8:09,544,"6,968"
Running,2022-11-09 16:16:25,San Mateo Running,5.76,00:45:06,7:50,242,"7,786"
Running,2022-11-08 17:02:41,San Mateo Running,1.01,00:06:55.4,6:50,29,"1,260"
Running,2022-11-08 16:20:28,San Mateo Running,4.95,00:40:06,8:06,332,"7,086"
Running,2022-11-07 16:24:18,San Mateo Running,2.40,00:20:01,8:20,216,"3,496"
Running,2022-11-05 13:20:06,San Mateo County Running,1.09,00:10:55,10:04,106,"1,884"
Running,2022-11-05 12:05:18,San Mateo County Running,1.31,00:12:27,9:30,185,"2,094"
Running,2022-11-04 15:35:39,San Mateo Running,1.03,00:07:38.2,7:24,34,"1,386"
Running,2022-10-31 16:24:19,San Mateo Running,1.85,00:14:46,7:58,164,"2,652"
Running,2022-10-29 09:17:55,San Mateo Running,0.60,00:04:37.2,7:46,37,836
Running,2022-10-28 15:27:11,San Mateo Running,5.01,00:43:03,8:35,639,"7,446"
Running,2022-10-27 16:21:16,San Mateo Running,5.01,00:40:03,7:59,309,"7,120"
Running,2022-10-27 08:31:00,San Mateo Running,4.07,00:30:03,7:23,20,"5,504"
Running,2022-10-26 15:30:00,Menlo Park Running,3.39,00:31:05,9:11,35,"5,252"
Running,2022-10-26 14:31:53,Menlo Park Running,1.10,00:08:58.3,8:12,9,"1,526"
Running,2022-10-26 14:19:51,Menlo Park Running,0.26,00:02:04.3,7:50,--,370
Running,2022-10-25 17:01:37,San Mateo Running,1.01,00:06:37.2,6:33,29,"1,198"
Running,2022-10-25 16:20:43,San Mateo Running,4.23,00:37:17,8:49,503,"6,334"
Running,2022-10-25 08:23:10,San Mateo Running,3.25,00:25:02,7:42,13,"4,536"
Running,2022-10-24 17:37:10,San Mateo Running,1.19,00:06:38.4,5:35,22,"1,172"
Running,2022-10-24 16:18:57,San Mateo Running,8.11,01:05:13,8:02,"1,265","11,446"
Running,2022-10-23 21:32:03,San Mateo Running,0.86,00:04:26.1,5:10,--,820
Running,2022-10-23 21:09:04,San Mateo Running,2.59,00:20:01,7:43,13,"3,602"
Running,2022-10-22 10:11:34,San Mateo County Running,1.12,00:09:28.6,8:30,82,"1,610"
Running,2022-10-22 09:31:11,San Mateo County Running,3.77,00:22:52,6:04,287,"4,006"
Running,2022-10-22 09:12:24,San Mateo County Running,1.12,00:09:14.5,8:17,87,"1,608"
Running,2022-10-21 21:55:03,San Mateo Running,3.13,00:25:03,8:00,13,"4,490"
Running,2022-10-21 16:29:59,San Mateo Running,0.56,00:06:02.2,10:42,15,"1,066"
Running,2022-10-21 15:42:11,San Mateo Running,3.06,00:29:00,9:28,102,"4,724"
Running,2022-10-20 17:21:56,San Mateo Running,1.27,00:09:47.0,7:43,40,"1,740"
Running,2022-10-20 16:55:36,San Mateo Running,3.21,00:18:57,5:54,109,"3,426"
Running,2022-10-20 16:29:27,San Mateo Running,1.53,00:11:36,7:34,78,"2,058"
Running,2022-10-19 16:31:42,San Mateo Running,4.41,00:37:01,8:24,551,"6,432"
Running,2022-10-18 17:33:03,San Mateo Running,1.02,00:06:56.5,6:49,35,"1,252"
Running,2022-10-18 16:25:16,San Mateo Running,6.30,00:45:44,7:15,"1,231","8,160"
Running,2022-10-18 07:38:33,San Mateo Running,4.02,00:31:16,7:47,19,"5,682"
Running,2022-10-17 17:27:53,San Mateo Running,0.65,00:03:00.1,4:38,8,564
Running,2022-10-17 16:35:49,San Mateo Running,5.36,00:45:05,8:25,608,"7,788"
Running,2022-10-16 11:50:26,San Mateo Running,4.03,00:30:40,7:37,--,"5,562"
Running,2022-10-15 09:16:06,San Mateo County Running,11.48,01:24:37,7:22,"1,206","14,932"
Running,2022-10-14 15:19:25,San Mateo Running,1.83,00:14:49,8:07,221,"2,620"
Running,2022-10-13 16:41:36,San Mateo Running,4.37,00:40:02,9:10,507,"6,936"
Running,2022-10-12 15:38:39,San Mateo County Running,3.22,00:28:26,8:50,446,"4,836"
Running,2022-10-12 14:28:16,San Mateo County Running,1.45,00:12:02,8:18,174,"2,078"
Running,2022-10-11 16:24:59,San Mateo Running,5.02,00:40:02,7:59,199,"7,196"
Running,2022-10-11 08:27:58,San Mateo Running,3.68,00:28:14,7:41,14,"5,218"
Running,2022-10-10 16:26:56,San Mateo Running,5.66,00:38:38,6:50,202,"6,878"
Running,2022-10-09 19:49:58,San Mateo Running,1.25,00:10:02,8:02,3,"1,856"
Running,2022-10-08 10:24:36,Monterey County Running,5.60,00:49:23,8:49,355,"8,518"
Running,2022-10-08 10:00:56,Monterey County Running,3.20,00:19:33,6:07,190,"3,546"
Running,2022-10-08 09:34:04,Monterey County Running,1.20,00:09:38.0,8:02,82,"1,700"
Running,2022-10-06 16:32:34,San Mateo Running,4.59,00:36:54,8:03,348,"6,522"
Running,2022-10-06 07:52:43,San Mateo Running,3.50,00:30:04,8:35,16,"5,326"
Running,2022-10-05 16:24:40,San Mateo Running,7.43,00:50:23,6:47,252,"8,760"
Running,2022-10-04 16:32:27,San Mateo Running,5.34,00:45:04,8:26,513,"7,758"
Running,2022-10-03 16:22:50,San Mateo Running,10.93,01:25:11,7:48,"1,271","14,874"
Running,2022-10-02 19:22:15,San Mateo Running,4.02,00:30:39,7:38,16,"5,508"
Running,2022-10-01 17:31:54,San Mateo Running,2.33,00:17:47,7:39,10,"3,220"
Running,2022-10-01 12:23:45,Half Moon Bay Running,1.54,00:12:46,8:18,111,"2,238"
Running,2022-10-01 10:59:53,Half Moon Bay Running,1.74,00:15:01,8:37,53,"2,640"
Running,2022-09-30 15:22:11,San Mateo Running,3.92,00:34:02,8:41,474,"5,822"
Running,2022-09-29 16:15:57,San Mateo Running,7.55,00:55:58,7:25,526,"9,766"
Running,2022-09-29 07:36:05,San Mateo Running,2.59,00:20:05,7:45,13,"3,654"
Running,2022-09-28 16:20:02,San Mateo Running,6.14,00:50:03,8:09,978,"8,630"
Running,2022-09-27 17:57:16,San Mateo Running,0.50,00:04:18.2,8:31,8,758
Running,2022-09-27 16:56:24,San Mateo Running,3.47,00:24:03,6:56,149,"4,092"
Running,2022-09-27 16:25:29,San Mateo Running,3.08,00:23:03,7:29,288,"4,040"
Running,2022-09-26 14:37:10,San Mateo Running,0.50,00:02:58.8,5:57,3,548
Running,2022-09-26 13:37:43,San Mateo Running,6.62,00:55:03,8:19,"1,026","9,548"
Running,2022-09-24 09:12:03,San Mateo County Running,11.06,01:20:02,7:14,557,"14,434"
Running,2022-09-23 17:01:18,San Mateo Running,0.38,00:01:45.7,4:35,--,332
Running,2022-09-23 16:34:37,San Mateo Running,0.61,00:05:40.5,9:19,15,958
Running,2022-09-23 16:28:50,San Mateo Running,0.63,00:03:01.4,4:47,12,560
Running,2022-09-23 15:29:22,San Mateo Running,4.94,00:40:56,8:17,280,"7,056"
Running,2022-09-22 16:17:13,San Mateo Running,5.89,00:42:30,7:13,118,"7,470"
Running,2022-09-21 16:30:53,San Mateo Running,6.36,00:53:41,8:27,439,"9,522"
Running,2022-09-20 16:20:59,San Mateo Running,7.01,00:56:52,8:07,"1,027","9,840"
Running,2022-09-19 07:15:06,San Mateo Running,6.01,00:45:08,7:31,--,"8,246"
Running,2022-09-17 11:59:09,San Mateo County Running,2.16,00:20:02,9:15,239,"3,402"
Running,2022-09-17 11:00:14,San Mateo County Running,1.09,00:10:01,9:11,147,"1,706"
Running,2022-09-16 15:20:06,San Mateo Running,4.32,00:37:40,8:43,458,"6,572"
Running,2022-09-15 16:33:03,San Mateo Running,4.77,00:40:37,8:31,484,"7,116"
Running,2022-09-14 16:50:27,Half Moon Bay Running,1.43,00:15:12,10:38,141,"2,618"
Running,2022-09-14 15:31:58,Half Moon Bay Running,1.02,00:09:13.6,9:04,59,"1,626"
Running,2022-09-12 16:30:42,San Mateo Running,3.35,00:25:01,7:28,72,"4,440"
Running,2022-09-11 17:25:56,San Mateo Running,2.57,00:20:02,7:48,16,"3,668"
Running,2022-09-07 16:44:36,San Mateo Running,0.48,00:04:33.1,9:30,105,794
Running,2022-09-06 16:16:10,San Mateo Running,2.31,00:17:47,7:43,88,"3,134"
Running,2022-09-05 11:30:17,Foster City Running,5.64,00:50:03,8:53,21,"8,768"
Running,2022-09-04 17:35:05,San Mateo Running,2.46,00:20:05,8:09,16,"3,608"
Running,2022-09-03 08:44:23,San Mateo County Running,9.08,01:15:03,8:16,"1,031","12,956"
Running,2022-09-02 13:30:02,San Mateo Running,4.48,00:40:03,8:56,252,"7,004"
Running,2022-09-01 17:27:06,San Mateo Running,2.10,00:20:01,9:32,176,"3,436"
Running,2022-09-01 17:00:29,San Mateo Running,2.05,00:13:44,6:42,58,"2,446"
Running,2022-09-01 16:44:48,San Mateo Running,2.04,00:13:36,6:39,32,"2,446"
Running,2022-09-01 16:15:37,San Mateo Running,1.20,00:10:00,8:22,59,"1,774"
Running,2022-08-31 16:15:59,San Mateo Running,5.39,00:46:47,8:40,485,"8,018"
Running,2022-08-30 16:21:30,San Mateo Running,7.59,01:00:16,7:57,941,"10,468"
Running,2022-08-29 17:19:10,San Mateo Running,0.64,00:03:01.0,4:45,15,540
Running,2022-08-29 16:15:57,San Mateo Running,6.28,00:50:05,7:58,794,"8,672"
Running,2022-08-28 20:55:49,San Mateo Running,2.23,00:20:02,8:58,10,"3,590"
Running,2022-08-27 09:07:10,San Mateo County Running,10.03,01:14:10,7:24,584,"13,302"
Running,2022-08-26 15:25:55,San Mateo Running,4.01,00:35:02,8:44,430,"6,064"
Running,2022-08-25 16:42:04,San Mateo Running,3.41,00:18:34,5:27,65,"3,344"
Running,2022-08-25 16:27:59,San Mateo Running,1.26,00:11:00,8:44,73,"1,946"
Running,2022-08-24 21:10:00,San Mateo Running,5.65,00:50:03,8:51,29,"8,872"
Running,2022-08-23 16:19:04,San Mateo Running,5.24,00:37:37,7:10,387,"6,738"
Running,2022-08-22 16:22:19,San Mateo Running,6.50,00:53:44,8:16,641,"9,370"
Running,2022-08-20 10:38:57,San Mateo County Running,0.39,00:01:56.4,4:58,179,278
Running,2022-08-20 09:20:13,San Mateo County Running,10.07,01:14:01,7:21,"1,114","13,072"
Running,2022-08-19 15:29:32,San Mateo Running,3.65,00:30:02,8:14,331,"5,312"
Running,2022-08-18 16:35:48,San Mateo Running,6.78,01:25:00,12:32,375,"10,400"
Running,2022-08-17 16:57:52,San Mateo Running,2.54,00:16:12,6:23,5,"2,968"
Running,2022-08-17 16:26:35,San Mateo Running,1.75,00:16:10,9:15,97,"2,884"
Running,2022-08-16 17:21:36,San Mateo Running,1.01,00:07:10.3,7:07,23,"1,292"
Running,2022-08-16 16:30:18,San Mateo Running,4.21,00:40:13,9:33,536,"6,868"
Running,2022-08-15 17:37:10,San Mateo Running,1.10,00:10:01,9:07,32,"1,756"
Running,2022-08-15 17:09:34,San Mateo Running,0.59,00:03:00.7,5:08,12,550
Running,2022-08-15 16:37:19,San Mateo Running,2.58,00:16:48,6:31,59,"3,030"
Running,2022-08-15 16:24:41,San Mateo Running,1.18,00:10:02,8:32,63,"1,784"
Running,2022-08-13 09:15:16,Foster City Running,9.01,01:06:46,7:25,18,"11,922"
Running,2022-08-12 16:24:02,San Mateo Running,4.49,00:40:02,8:54,554,"6,894"
Running,2022-08-11 17:06:57,San Mateo Running,2.30,00:20:07,8:44,60,"3,512"
Running,2022-08-11 16:45:54,San Mateo Running,2.03,00:11:29,5:39,44,"2,120"
Running,2022-08-11 16:19:33,San Mateo Running,1.71,00:15:29,9:04,88,"2,698"
Running,2022-08-10 16:49:41,San Mateo Running,5.07,00:45:02,8:53,672,"7,838"
Running,2022-08-09 16:20:58,San Mateo Running,4.70,00:32:26,6:54,165,"5,776"
Running,2022-08-07 21:38:15,San Mateo Running,2.30,00:20:05,8:45,13,"3,566"
Running,2022-08-04 06:46:35,Yolo County Running,5.92,00:45:01,7:36,40,"8,040"
Running,2022-08-02 19:57:16,Yolo County Running,5.14,00:40:01,7:47,33,"7,152"
Running,2022-08-01 20:18:46,Yolo County Running,5.07,00:40:01,7:53,27,"7,194"
Running,2022-07-30 10:07:31,Yolo County Running,6.37,00:50:01,7:51,40,"8,954"
Running,2022-07-29 12:18:53,San Mateo Running,2.69,00:20:01,7:26,7,"3,588"
Running,2022-07-28 22:09:42,San Mateo Running,5.25,00:40:05,7:38,21,"7,168"
Running,2022-07-27 17:09:29,San Mateo Running,1.91,00:15:35,8:08,7,"2,774"
Running,2022-07-26 21:12:43,San Mateo Running,4.63,00:33:53,7:19,15,"6,090"
Running,2022-07-25 18:12:25,San Mateo Running,2.94,00:23:13,7:54,11,"4,188"
Running,2022-07-23 20:14:12,San Mateo Running,1.08,00:08:47.8,8:10,3,"1,582"
Running,2022-07-18 06:48:38,Yolo County Running,5.00,00:40:01,8:00,24,"7,060"
Running,2022-07-16 06:44:49,Yolo County Running,9.18,01:10:01,7:38,52,"12,408"
Running,2022-07-15 06:40:20,Yolo County Running,6.12,00:45:00,7:21,20,"7,938"
Running,2022-07-14 20:12:31,Yolo County Running,6.38,00:50:01,7:50,32,"8,818"
Running,2022-07-13 19:44:48,Yolo County Running,5.00,00:45:02,9:00,28,"7,798"
Running,2022-07-12 20:06:25,Yolo County Running,6.09,00:50:00,8:13,30,"8,744"
Running,2022-07-11 06:38:21,Yolo County Running,6.06,00:45:02,7:26,38,"7,954"
Running,2022-07-09 09:18:40,Foster City Running,8.01,01:01:04,7:38,31,"10,738"
Running,2022-07-08 15:47:06,San Mateo Running,5.28,00:43:21,8:13,189,"7,592"
Running,2022-07-07 17:27:23,San Mateo Running,5.47,00:47:09,8:37,"1,192","8,040"
Running,2022-06-29 17:11:32,Running,0.30,00:13:19,44:03,13,78
Running,2022-06-28 16:37:57,Running,4.08,00:35:04,8:35,239,"6,018"
Running,2022-06-26 20:31:40,Running,6.21,00:50:15,8:05,377,"8,762"
Running,2022-06-25 17:46:25,Running,6.01,00:51:21,8:33,958,"8,956"
Running,2022-06-24 18:08:00,Running,4.04,00:31:02,7:41,451,"5,550"
Running,2022-06-23 17:46:57,Running,5.02,00:38:18,7:38,520,"6,748"
Running,2022-06-22 15:50:59,Running,5.21,00:40:01,7:41,783,"7,110"
Running,2022-06-19 17:06:05,Running,6.18,00:47:35,7:42,"1,257","8,382"
Running,2022-06-16 13:45:36,San Mateo Running,6.02,00:47:42,7:56,34,"8,486"
Running,2022-06-15 20:43:46,San Mateo Running,5.02,00:36:37,7:18,26,"6,540"
Running,2022-06-14 17:21:22,San Mateo Running,5.48,00:47:55,8:44,396,"8,314"
Running,2022-06-13 15:45:35,San Mateo Running,4.27,00:34:58,8:12,268,"6,230"
Running,2022-06-11 09:13:16,San Mateo Running,5.55,00:47:45,8:36,905,"8,204"
Running,2022-06-10 16:16:59,San Mateo Running,4.17,00:32:37,7:49,224,"5,790"
Running,2022-06-09 17:32:22,San Mateo Running,3.72,00:30:25,8:10,402,"5,286"
Running,2022-06-08 15:43:44,San Mateo Running,3.59,00:30:55,8:37,370,"5,384"
Running,2022-06-07 13:03:07,San Mateo Running,6.02,00:47:19,7:52,378,"8,418"
Running,2022-06-06 16:10:30,San Mateo Running,3.62,00:30:29,8:25,417,"5,294"
Running,2022-06-04 20:57:39,San Mateo Running,4.81,00:35:35,7:24,33,"6,394"
Running,2022-06-03 21:53:36,San Mateo Running,6.46,00:45:01,6:58,20,"8,126"
Running,2022-06-02 09:14:51,San Mateo Running,3.66,00:34:05,9:19,392,"5,784"
Running,2022-06-01 20:23:53,San Mateo Running,5.18,00:38:01,7:20,33,"6,758"
Running,2022-05-30 17:41:46,South Lake Tahoe Running,4.46,00:36:27,8:10,505,"6,252"
Running,2022-05-29 18:37:05,San Mateo Running,2.84,00:23:34,8:19,86,"4,110"
Running,2022-05-29 18:11:36,San Mateo Running,2.53,00:21:34,8:31,479,"3,820"
Running,2022-05-28 21:00:19,San Mateo Running,4.43,00:35:00,7:54,26,"6,220"
Running,2022-05-27 20:56:46,San Mateo Running,4.38,00:34:03,7:47,136,"6,092"
Running,2022-05-25 19:05:11,San Mateo Running,3.05,00:25:41,8:25,17,"4,544"
Running,2022-05-24 18:23:12,San Mateo Running,4.20,00:30:00,7:09,20,"5,376"
Running,2022-05-22 21:29:15,San Mateo Running,4.05,00:30:03,7:25,9,"5,460"
Running,2022-05-21 10:17:16,San Mateo Running,4.06,00:27:57,6:53,131,"5,052"
Running,2022-05-18 16:05:44,San Mateo Running,2.56,00:22:34,8:49,358,"3,926"
Running,2022-05-17 15:51:55,San Mateo Running,3.56,00:30:00,8:26,144,"5,360"
Running,2022-05-16 20:56:39,San Mateo Running,3.91,00:31:53,8:09,19,"5,696"
Running,2022-05-07 20:02:56,San Mateo County Running,1.20,00:11:08,9:19,54,"1,960"
Running,2022-05-07 19:29:55,San Mateo County Running,1.97,00:10:42,5:25,40,"1,994"
Running,2022-05-07 18:46:16,San Mateo County Running,1.16,00:09:57.0,8:34,41,"1,762"
Running,2022-05-06 16:25:53,San Mateo Running,3.33,00:30:31,9:10,117,"5,402"
Running,2022-05-04 16:20:55,San Mateo Running,4.15,00:35:00,8:26,520,"6,172"
Running,2022-05-03 16:36:56,San Mateo Running,3.29,00:30:17,9:13,317,"5,264"
Running,2022-05-02 17:26:36,San Mateo Running,4.86,00:40:01,8:14,139,"7,038"
Running,2022-04-30 15:05:46,San Mateo Running,2.50,00:20:01,8:01,49,"3,572"
Running,2022-04-29 16:21:25,San Mateo Running,2.55,00:21:43,8:31,64,"3,800"
Running,2022-04-28 16:19:26,San Mateo Running,4.16,00:33:45,8:07,252,"6,024"
Running,2022-04-27 16:27:43,San Mateo Running,1.09,00:09:35.3,8:49,31,"1,708"
Running,2022-04-26 16:25:58,San Mateo Running,2.53,00:21:31,8:30,64,"3,900"
Running,2022-04-20 18:55:05,San Mateo Running,2.75,00:24:34,8:56,50,"4,394"
Running,2022-04-20 18:05:14,San Mateo Running,2.01,00:11:07,5:32,46,"2,062"
Running,2022-04-20 17:28:06,San Mateo Running,0.77,00:07:43.5,9:59,5,"1,312"
Running,2022-04-20 16:04:05,San Mateo Running,0.75,00:08:11.0,10:53,9,"1,448"
Running,2022-04-20 15:30:24,San Mateo Running,1.01,00:05:01.5,5:00,15,950
Running,2022-04-20 15:01:46,San Mateo Running,0.94,00:07:50.0,8:19,35,"1,402"
Running,2022-04-19 16:22:54,San Mateo Running,1.14,00:09:44.7,8:34,31,"1,728"
Running,2022-04-18 16:19:27,San Mateo Running,7.73,01:00:00,7:46,538,"10,620"
Running,2022-04-16 13:02:01,Livermore Running,3.81,00:37:22,9:49,98,"6,464"
Running,2022-04-16 11:25:54,Livermore Running,1.68,00:16:15,9:40,25,"2,788"
Running,2022-04-15 16:23:14,San Mateo Running,3.20,00:26:37,8:19,98,"4,734"
Running,2022-04-14 16:16:54,San Mateo Running,3.84,00:30:48,8:01,285,"5,324"
Running,2022-04-13 16:19:06,San Mateo Running,6.20,00:51:12,8:15,"1,084","8,918"
Running,2022-04-12 16:20:53,San Mateo Running,5.04,00:44:27,8:49,484,"7,744"
Running,2022-04-11 16:17:57,San Mateo Running,2.14,00:18:26,8:36,194,"3,234"
Running,2022-04-09 09:21:21,San Mateo County Running,8.09,00:58:35,7:15,254,"10,490"
Running,2022-04-08 16:20:05,San Mateo Running,4.46,00:40:20,9:03,690,"6,840"
Running,2022-04-07 16:28:15,San Mateo Running,6.67,01:00:09,9:01,529,"9,908"
Running,2022-04-06 16:23:33,San Mateo Running,4.08,00:38:21,9:24,505,"6,502"
Running,2022-04-05 18:49:22,San Mateo Running,5.01,00:42:06,8:24,40,"7,486"
Running,2022-04-05 18:04:03,San Mateo Running,2.02,00:11:06,5:30,7,"2,048"
Running,2022-04-05 17:00:51,San Mateo Running,1.01,00:10:04,9:57,3,"1,694"
Running,2022-04-04 16:18:47,San Mateo Running,4.56,00:40:27,8:53,466,"6,790"
Running,2022-04-01 15:22:08,Lexington Running,4.18,00:35:00,8:22,261,"6,222"
Running,2022-03-28 17:43:47,Chicago Running,6.59,00:47:10,7:09,38,"8,804"
Running,2022-03-27 17:54:34,Chicago Running,5.02,00:38:41,7:43,45,"7,094"
Running,2022-03-25 16:18:27,San Mateo Running,3.30,00:27:14,8:15,105,"4,908"
Running,2022-03-23 18:08:15,San Bruno Running,2.01,00:10:58,5:28,24,"2,028"
Running,2022-03-23 14:50:05,San Bruno Running,2.09,00:20:28,9:47,8,"3,538"
Running,2022-03-22 16:19:46,San Mateo Running,4.22,00:36:21,8:37,452,"6,414"
Running,2022-03-21 13:25:02,San Mateo Running,3.34,00:25:12,7:32,119,"4,382"
Running,2022-03-20 19:23:37,San Mateo Running,2.36,00:20:01,8:28,9,"3,630"
Running,2022-03-19 19:23:09,Dublin Running,2.07,00:18:22,8:53,7,"3,234"
Running,2022-03-19 19:07:41,Dublin Running,2.01,00:10:46,5:21,6,"2,008"
Running,2022-03-19 18:10:54,Dublin Running,1.74,00:14:52,8:34,7,"2,670"
Running,2022-03-18 16:22:03,San Mateo Running,3.04,00:25:35,8:26,294,"4,510"
Running,2022-03-17 14:57:28,San Mateo Running,5.03,00:39:39,7:53,150,"7,170"
Running,2022-03-12 18:19:28,San Mateo Running,2.52,00:24:25,9:41,47,"4,394"
Running,2022-03-12 15:37:30,San Mateo Running,3.29,00:35:04,10:39,16,"5,946"
Running,2022-03-12 14:10:31,San Mateo Running,0.99,00:10:06,10:12,9,"1,748"
Running,2022-03-11 13:43:00,San Mateo Running,3.92,00:34:29,8:47,470,"6,030"
Running,2022-03-10 17:56:47,San Mateo Running,3.07,00:25:45,8:24,13,"4,694"
Running,2022-03-08 16:36:06,San Mateo Running,4.90,00:41:03,8:23,510,"7,294"
Running,2022-03-07 16:23:40,San Mateo Running,6.24,00:46:10,7:24,221,"8,334"
Running,2022-03-06 12:28:23,San Mateo Running,2.64,00:20:55,7:55,16,"3,932"
Running,2022-03-05 22:00:42,Pleasanton Running,3.20,00:30:01,9:23,1,"5,404"
Running,2022-03-05 21:34:12,Pleasanton Running,2.01,00:10:55,5:26,--,"2,024"
Running,2022-03-05 20:21:16,Pleasanton Running,2.56,00:27:14,10:38,--,"4,760"
Running,2022-03-03 16:32:21,San Mateo Running,5.21,00:44:47,8:36,310,"7,844"
Running,2022-03-02 17:32:41,San Mateo Running,1.55,00:15:59,10:19,39,"2,744"
Running,2022-03-02 16:28:06,San Mateo Running,3.92,00:28:15,7:13,136,"5,116"
Running,2022-03-01 16:21:27,San Mateo Running,4.32,00:38:41,8:57,455,"6,754"
Running,2022-02-28 16:20:58,San Mateo Running,1.61,00:15:00,9:19,123,"2,630"
Running,2022-02-26 09:19:54,San Mateo County Running,8.46,01:08:07,8:03,359,"12,120"
Running,2022-02-24 17:18:09,San Mateo Running,1.06,00:10:00,9:24,66,"1,782"
Running,2022-02-24 16:23:54,San Mateo Running,2.62,00:19:29,7:26,124,"3,552"
Running,2022-02-23 16:21:01,San Mateo Running,4.17,00:35:37,8:32,468,"6,206"
Running,2022-02-22 16:20:55,San Mateo Running,5.91,00:46:12,7:49,183,"8,358"
Running,2022-02-19 09:18:39,San Mateo County Running,8.09,00:57:06,7:04,388,"10,436"
Running,2022-02-18 16:23:46,San Mateo Running,4.68,00:42:33,9:06,576,"7,380"
Running,2022-02-17 20:35:04,San Mateo Running,4.01,00:35:52,8:57,18,"6,434"
Running,2022-02-16 16:20:16,San Mateo Running,4.25,00:42:39,10:03,161,"5,684"
Running,2022-02-15 16:21:16,San Mateo Running,5.63,00:48:04,8:33,559,"8,304"
Running,2022-02-14 16:25:08,San Mateo Running,5.22,00:36:07,6:55,128,"6,496"
Running,2022-02-11 16:23:25,San Mateo Running,4.37,00:38:55,8:54,308,"6,684"
Running,2022-02-10 16:39:41,San Mateo Running,4.25,00:40:54,9:37,681,"6,938"
Running,2022-02-09 17:38:43,San Mateo Running,1.34,00:15:02,11:12,36,"2,552"
Running,2022-02-09 17:03:01,San Mateo Running,1.04,00:10:00,9:39,69,"1,686"
Running,2022-02-09 16:50:48,San Mateo Running,1.00,00:05:17.0,5:18,11,976
Running,2022-02-09 16:24:44,San Mateo Running,1.20,00:10:39,8:54,72,"1,832"
Running,2022-02-08 16:18:46,San Mateo Running,3.34,00:30:02,8:59,355,"5,110"
Running,2022-02-07 16:38:08,San Mateo Running,0.73,00:07:22.5,10:04,49,"1,250"
Running,2022-02-05 13:10:15,San Mateo Running,2.35,00:20:01,8:32,--,"3,584"
Running,2022-02-03 16:19:57,San Mateo Running,2.20,00:20:03,9:06,97,"3,494"
Running,2022-02-02 16:25:22,San Mateo Running,4.18,00:37:06,8:53,498,"6,398"
Running,2022-02-01 16:11:39,San Mateo Running,4.22,00:35:35,8:26,287,"6,358"
Running,2022-01-31 16:27:42,San Mateo Running,4.36,00:38:49,8:54,454,"6,794"
Running,2022-01-01 12:03:08,San Mateo Running,3.01,00:22:22,7:25,16,"4,038"
Running,2021-12-06 16:20:22,San Mateo Running,0.51,00:04:13.9,8:15,8,756
Running,2021-11-23 16:05:48,San Mateo Running,3.26,00:30:22,9:19,367,"5,192"
Running,2021-11-22 16:16:39,San Mateo Running,3.44,00:30:55,8:59,350,"5,322"
Running,2021-11-13 11:38:23,San Mateo County Running,1.27,00:11:35,9:06,173,"1,968"
Running,2021-11-12 16:14:27,San Mateo Running,2.84,00:25:01,8:48,109,"4,432"
Running,2021-11-11 10:55:08,San Mateo Running,1.36,00:11:22,8:20,73,"1,994"
Running,2021-11-11 09:47:09,San Mateo Running,3.31,00:23:26,7:05,97,"4,226"
Running,2021-11-10 16:11:45,San Mateo Running,3.37,00:29:19,8:41,70,"5,194"
Running,2021-11-09 16:18:53,San Mateo Running,2.55,00:19:53,7:49,207,"3,536"
Running,2021-11-08 16:27:02,San Mateo Running,4.08,00:35:02,8:35,449,"6,110"
Running,2021-11-06 13:12:32,San Mateo County Running,1.08,00:10:38,9:54,88,"1,780"
Running,2021-11-06 11:45:10,San Mateo County Running,1.60,00:14:01,8:46,190,"2,418"
Running,2021-11-05 16:13:41,San Mateo Running,3.39,00:29:06,8:36,387,"5,040"
Running,2021-11-04 16:43:35,San Mateo Running,1.15,00:05:57.2,5:12,17,"1,078"
Running,2021-11-04 16:17:46,San Mateo Running,1.73,00:14:30,8:24,44,"2,574"
Running,2021-11-03 16:20:15,San Mateo Running,4.90,00:40:36,8:17,733,"7,012"
Running,2021-11-02 16:39:23,San Mateo Running,1.77,00:09:05.4,5:08,22,"1,628"
Running,2021-11-02 16:15:18,San Mateo Running,1.97,00:14:27,7:21,235,"2,586"
Running,2021-11-01 16:21:53,San Mateo Running,4.89,00:40:56,8:22,328,"7,302"
Running,2021-10-30 09:20:02,San Mateo County Running,1.12,00:09:28.5,8:28,95,"1,656"
Running,2021-10-28 15:21:26,San Mateo Running,1.73,00:15:00,8:39,61,"2,708"
Running,2021-10-27 16:24:50,San Mateo Running,4.58,00:40:00,8:45,515,"6,958"
Running,2021-10-25 16:22:03,San Mateo Running,4.80,00:40:46,8:30,450,"7,056"
Running,2021-10-23 09:45:30,San Mateo Running,2.10,00:13:33,6:26,170,"2,452"
Running,2021-10-23 09:21:37,San Mateo Running,1.49,00:12:53,8:39,82,"2,252"
Running,2021-10-22 16:20:54,San Mateo Running,4.11,00:36:57,9:00,531,"6,410"
Running,2021-10-20 16:33:31,San Mateo Running,4.83,00:41:15,8:32,515,"7,072"
Running,2021-10-19 16:20:38,San Mateo Running,3.85,00:35:00,9:05,150,"6,188"
Running,2021-10-18 16:41:58,San Mateo Running,1.10,00:10:55,9:53,33,"1,936"
Running,2021-10-12 14:19:58,Menlo Park Running,1.11,00:09:24.5,8:31,10,"1,654"
Running,2021-10-11 16:25:02,San Mateo Running,4.35,00:38:08,8:46,483,"6,712"
Running,2021-10-09 09:14:24,San Mateo County Running,6.26,00:52:53,8:27,800,"9,204"
Running,2021-10-08 16:38:15,San Mateo Running,1.00,00:08:31.8,8:30,29,"1,502"
Running,2021-09-30 16:20:03,San Mateo Running,1.05,00:10:01,9:31,26,"1,758"
Running,2021-09-29 16:22:36,San Mateo Running,1.59,00:14:47,9:17,143,"2,554"
Running,2021-09-28 16:15:50,San Mateo Running,1.59,00:14:31,9:09,110,"2,612"
Running,2021-09-27 18:00:58,San Mateo Running,0.40,00:01:47.0,4:27,12,356
Running,2021-09-27 16:22:09,San Mateo Running,9.06,01:17:44,8:35,"1,632","13,814"
Running,2021-09-26 17:05:24,San Mateo Running,4.21,00:32:49,7:48,28,"6,034"
Running,2021-09-25 16:05:20,Daly City Running,0.50,00:04:54.0,9:46,47,882
Running,2021-09-25 15:30:01,Daly City Running,2.73,00:18:57,6:56,227,"2,932"
Running,2021-09-25 14:51:26,Daly City Running,1.18,00:12:03,10:13,123,"2,130"
Running,2021-09-23 21:48:45,San Mateo Running,2.59,00:23:35,9:06,12,"4,142"
Running,2021-09-23 17:30:13,San Mateo Running,0.59,00:02:33.6,4:22,4,410
Running,2021-09-23 17:14:31,San Mateo Running,1.07,00:09:45.6,9:08,79,"1,698"
Running,2021-09-23 16:32:22,San Mateo Running,3.11,00:19:41,6:20,271,"3,584"
Running,2021-09-23 16:18:00,San Mateo Running,1.05,00:09:28.7,9:01,125,"1,650"
Running,2021-09-22 16:35:40,San Mateo Running,5.10,00:45:00,8:49,490,"7,914"
Running,2021-09-21 17:53:54,San Mateo Running,1.20,00:08:35.9,7:09,34,"1,548"
Running,2021-09-21 17:08:57,San Mateo Running,2.63,00:23:09,8:48,118,"4,058"
Running,2021-09-21 16:40:16,San Mateo Running,1.58,00:08:43.2,5:30,35,"1,552"
Running,2021-09-21 16:16:03,San Mateo Running,1.51,00:14:33,9:38,72,"2,538"
Running,2021-09-20 16:22:17,San Mateo Running,2.15,00:20:00,9:18,225,"3,426"
Running,2021-09-19 06:45:38,San Francisco Running,13.32,01:36:52,7:16,528,"17,794"
Running,2021-09-18 09:14:08,San Mateo County Running,3.00,00:32:29,10:49,353,"5,548"
Running,2021-09-17 16:36:52,San Mateo Running,4.33,00:40:07,9:16,112,"7,106"
Running,2021-09-17 16:20:49,San Mateo Running,0.40,00:01:49.8,4:37,25,244
Running,2021-09-16 16:42:22,San Mateo Running,4.11,00:25:33,6:13,291,"4,582"
Running,2021-09-16 16:24:28,San Mateo Running,0.25,00:01:11.6,4:52,11,142
Running,2021-09-15 19:52:25,San Mateo Running,5.01,00:39:53,7:58,35,"7,110"
Running,2021-09-14 16:31:20,Half Moon Bay Running,1.29,00:12:36,9:46,85,"2,166"
Running,2021-09-14 15:14:01,Half Moon Bay Running,1.04,00:10:05,9:43,72,"1,738"
Running,2021-09-13 16:29:43,San Mateo Running,4.10,00:40:02,9:46,409,"6,872"
Running,2021-09-11 15:00:18,San Francisco Running,1.09,00:12:55,11:53,54,"2,186"
Running,2021-09-11 14:27:47,San Francisco Running,2.83,00:16:59,6:01,170,"3,036"
Running,2021-09-11 13:50:32,San Francisco Running,1.09,00:10:01,9:11,26,"1,768"
Running,2021-09-10 16:50:25,San Mateo Running,0.26,00:01:16.0,4:58,8,210
Running,2021-09-10 16:16:44,San Mateo Running,2.83,00:30:01,10:36,320,"5,094"
Running,2021-09-09 22:34:13,San Mateo Running,0.45,00:03:09.1,6:56,--,578
Running,2021-09-08 17:26:06,San Mateo Running,0.80,00:04:10.6,5:13,--,776
Running,2021-09-08 17:08:33,San Mateo Running,1.36,00:10:22,7:36,91,"1,824"
Running,2021-09-08 16:15:30,San Mateo Running,4.17,00:35:05,8:24,673,"6,164"
Running,2021-09-07 15:48:38,San Mateo Running,7.12,01:03:24,8:54,"1,162","11,028"
Running,2021-09-06 18:15:38,San Mateo Running,6.02,00:45:02,7:29,31,"8,236"
Running,2021-09-04 18:31:50,Arcadia Running,6.02,00:50:14,8:20,103,"9,094"
Running,2021-09-02 16:37:34,San Mateo Running,4.06,00:40:01,9:51,478,"7,030"
Running,2021-09-01 19:53:59,San Mateo Running,4.18,00:34:23,8:14,30,"6,416"
Running,2021-09-01 16:54:36,San Mateo Running,1.53,00:10:01,6:32,17,"1,852"
Running,2021-09-01 16:33:26,San Mateo Running,2.14,00:17:37,8:15,10,"3,084"
Running,2021-09-01 16:11:23,San Mateo Running,1.10,00:10:01,9:06,27,"1,814"
Running,2021-08-31 16:30:47,San Mateo Running,4.40,00:40:01,9:06,487,"7,084"
Running,2021-08-30 21:03:38,San Mateo Running,2.48,00:20:04,8:07,20,"3,724"
Running,2021-08-30 17:05:47,San Mateo Running,0.54,00:02:38.4,4:52,7,460
Running,2021-08-30 16:38:28,San Mateo Running,2.62,00:15:05,5:46,50,"2,734"
Running,2021-08-30 16:14:03,San Mateo Running,1.17,00:10:33,9:03,33,"1,886"
Running,2021-08-29 19:39:59,San Mateo Running,3.00,00:24:59,8:19,18,"4,474"
Running,2021-08-26 17:17:04,San Mateo Running,0.53,00:02:51.6,5:22,6,532
Running,2021-08-26 16:35:48,San Mateo Running,4.06,00:25:19,6:14,257,"4,600"
Running,2021-08-26 16:15:24,San Mateo Running,0.50,00:04:48.5,9:41,14,848
Running,2021-08-25 17:07:07,San Mateo Running,0.39,00:01:59.7,5:04,--,338
Running,2021-08-25 16:18:25,San Mateo Running,4.34,00:40:48,9:24,535,"7,044"
Running,2021-08-24 16:56:54,San Mateo Running,0.57,00:02:49.3,4:59,46,452
Running,2021-08-24 16:25:20,San Mateo Running,3.16,00:20:07,6:22,60,"3,588"
Running,2021-08-24 16:08:24,San Mateo Running,0.48,00:04:28.0,9:15,10,786
Running,2021-08-23 17:08:19,San Mateo Running,0.38,00:02:06.1,5:28,--,350
Running,2021-08-23 16:23:38,San Mateo Running,4.80,00:40:15,8:24,623,"7,086"
Running,2021-08-21 17:27:18,San Mateo Running,3.01,00:22:03,7:19,20,"4,108"
Running,2021-08-21 16:02:26,San Mateo Running,10.21,01:22:50,8:07,66,"15,044"
Running,2021-08-19 16:20:33,San Mateo Running,3.46,00:30:01,8:41,312,"5,272"
Running,2021-08-18 20:14:13,San Mateo Running,6.15,00:49:23,8:02,39,"8,828"
Running,2021-08-18 17:01:28,San Mateo Running,1.02,00:09:38.7,9:25,26,"1,682"
Running,2021-08-18 16:42:30,San Mateo Running,2.01,00:15:51,7:53,26,"2,756"
Running,2021-08-18 16:11:26,San Mateo Running,1.30,00:11:22,8:44,37,"1,990"
Running,2021-08-17 16:24:04,San Mateo Running,3.23,00:30:20,9:24,349,"5,294"
Running,2021-08-16 17:08:59,San Mateo Running,0.54,00:02:39.6,4:53,5,488
Running,2021-08-16 16:20:30,San Mateo Running,4.94,00:35:01,7:05,226,"6,284"
Running,2021-08-14 09:42:50,Foster City Running,5.78,00:50:23,8:43,16,"8,942"
Running,2021-08-13 16:55:57,San Mateo Running,1.02,00:05:38.7,5:32,5,"1,044"
Running,2021-08-13 16:13:39,San Mateo Running,1.01,00:09:57.8,9:51,--,"1,716"
Running,2021-08-12 16:41:09,San Mateo Running,2.50,00:24:25,9:46,333,"4,188"
Running,2021-08-11 16:24:39,San Mateo Running,5.57,00:46:59,8:26,356,"8,182"
Running,2021-08-11 16:07:13,San Mateo Running,0.50,00:04:42.3,9:21,15,844
Running,2021-08-11 07:49:15,San Mateo Running,3.10,00:23:01,7:26,13,"4,248"
Running,2021-08-10 16:20:22,San Mateo Running,3.22,00:28:33,8:53,90,"5,064"
Running,2021-08-06 15:38:15,Honolulu County Running,0.56,00:11:06,19:58,26,558
Running,2021-08-06 13:58:29,Honolulu Running,3.18,00:23:35,7:24,135,"4,312"
Running,2021-08-05 16:10:45,Honolulu Running,8.58,01:13:12,8:32,500,"12,938"
Running,2021-08-04 16:34:44,Honolulu County Running,0.30,00:06:49.8,22:51,38,146
Running,2021-08-02 08:58:22,Honolulu Running,4.02,00:32:10,8:00,184,"5,774"
Running,2021-07-31 15:41:29,Honolulu Running,2.30,00:18:32,8:04,93,"3,292"
Running,2021-07-29 09:24:36,Honolulu Running,8.67,01:09:47,8:03,"1,297","12,294"
Running,2021-07-27 19:13:53,Honolulu Running,4.22,00:30:19,7:11,119,"5,474"
Running,2021-07-24 14:58:30,San Mateo Running,4.34,00:29:25,6:47,--,"5,320"
Running,2021-07-22 14:56:31,San Mateo Running,4.02,00:29:13,7:17,13,"5,346"
Running,2021-07-21 12:41:13,San Mateo Running,4.04,00:31:31,7:48,23,"5,664"
Running,2021-07-10 15:13:50,San Mateo Running,4.26,00:28:36,6:43,21,"5,140"
Running,2021-07-08 21:45:19,San Mateo Running,1.59,00:11:24,7:09,--,"2,016"
Running,2021-07-07 13:14:31,San Mateo Running,3.01,00:21:25,7:07,12,"3,932"
Running,2021-07-03 15:28:52,San Mateo Running,7.03,00:47:49,6:48,101,"8,872"
Running,2021-07-01 20:39:15,San Mateo Running,5.01,00:34:34,6:54,25,"6,408"
Running,2021-06-28 16:29:31,San Mateo Running,4.02,00:28:29,7:06,20,"5,346"
Running,2021-06-26 15:48:09,San Mateo Running,6.02,00:41:34,6:54,30,"7,632"
Running,2021-06-24 18:27:24,San Mateo Running,3.11,00:21:01,6:45,15,"3,936"
Running,2021-06-22 20:53:08,San Mateo Running,4.02,00:28:04,6:59,19,"5,244"
Running,2021-06-21 14:12:31,San Mateo Running,5.17,00:41:02,7:56,33,"7,434"
Running,2021-06-19 10:35:45,San Mateo Running,1.01,00:05:47.7,5:44,--,"1,076"
Running,2021-06-19 10:17:47,San Mateo Running,1.00,00:09:04.8,9:03,7,"1,642"
Running,2021-06-16 08:39:53,San Mateo Running,3.46,00:24:02,6:56,72,"4,438"
Running,2021-06-14 21:21:14,San Mateo Running,2.02,00:13:35,6:44,8,"2,580"
Running,2021-06-12 14:08:23,San Mateo Running,4.96,00:48:01,9:41,86,"6,818"
Running,2021-06-12 13:49:18,San Mateo Running,1.03,00:08:38.4,8:23,31,"1,542"
Running,2021-06-10 15:56:23,San Mateo Running,10.11,01:22:11,8:08,"1,147","14,834"
Running,2021-06-08 16:48:33,San Mateo Running,4.02,00:28:12,7:01,20,"5,206"
Running,2021-06-07 09:45:04,San Mateo Running,8.01,01:05:25,8:10,577,"11,538"
Running,2021-06-05 17:32:06,San Mateo Running,2.25,00:15:02,6:41,8,"2,746"
Running,2021-06-04 10:49:49,San Mateo Running,0.24,00:01:12.2,5:02,9,128
Running,2021-06-03 16:02:26,San Mateo Running,7.56,00:59:42,7:54,41,"10,660"
Running,2021-06-02 11:06:49,San Mateo Running,2.02,00:14:01,6:56,10,"2,548"
Running,2021-06-02 10:48:50,San Mateo Running,2.02,00:16:06,7:59,13,"2,894"
Running,2021-06-01 16:25:39,San Mateo Running,4.68,00:37:07,7:55,138,"6,692"
Running,2021-05-31 17:13:44,San Mateo Running,1.40,00:10:02,7:10,4,"1,808"
Running,2021-05-31 16:52:12,San Mateo Running,2.48,00:20:03,8:06,11,"3,576"
Running,2021-05-24 19:10:44,San Mateo Running,2.00,00:11:21,5:41,2,"2,084"
Running,2021-05-24 18:23:30,San Mateo Running,1.11,00:10:16,9:13,5,"1,808"
Running,2021-05-21 16:18:58,San Mateo Running,3.40,00:34:29,10:09,624,"6,094"
Running,2021-05-20 17:08:58,Pacifica Running,1.97,00:11:58,6:04,259,"2,172"
Running,2021-05-20 16:38:41,Pacifica Running,0.80,00:09:17.6,11:34,98,"1,656"
Running,2021-05-20 15:45:18,Pacifica Running,0.98,00:05:10.4,5:16,158,970
Running,2021-05-20 14:37:17,Pacifica Running,1.12,00:10:15,9:08,174,"1,850"
Running,2021-05-19 16:29:53,San Mateo Running,0.87,00:08:09.2,9:24,52,"1,414"
Running,2021-05-19 16:03:11,San Mateo Running,1.07,00:09:56.4,9:18,68,"1,782"
Running,2021-05-14 16:12:07,San Mateo Running,1.29,00:11:03,8:33,29,"2,048"
Running,2021-05-14 07:12:19,San Mateo Running,6.24,00:59:07,9:28,612,"10,774"
Running,2021-05-12 15:50:38,Half Moon Bay Running,1.00,00:05:15.4,5:15,115,968
Running,2021-05-12 14:57:09,Half Moon Bay Running,1.05,00:09:52.9,9:25,186,"1,820"
Running,2021-05-11 16:27:55,San Mateo Running,1.56,00:14:27,9:16,132,"2,628"
Running,2021-05-11 16:03:35,San Mateo Running,1.09,00:10:00,9:11,71,"1,880"
Running,2021-05-10 16:27:13,San Mateo Running,0.93,00:04:27.7,4:49,8,784
Running,2021-05-10 16:16:56,San Mateo Running,0.52,00:04:47.2,9:14,31,868
Running,2021-05-07 16:29:01,San Mateo Running,1.18,00:10:47,9:06,41,"1,950"
Running,2021-05-06 16:55:24,San Mateo Running,0.99,00:10:16,10:24,27,"1,856"
Running,2021-05-06 16:15:31,San Mateo Running,3.01,00:16:49,5:35,60,"3,092"
Running,2021-05-06 16:01:59,San Mateo Running,1.07,00:10:25,9:44,26,"1,916"
Running,2021-05-05 17:04:07,San Mateo Running,0.50,00:02:22.7,4:44,--,400
Running,2021-05-05 16:14:34,San Mateo Running,4.14,00:36:24,8:48,183,"6,624"
Running,2021-05-04 16:14:13,San Mateo Running,4.34,00:41:20,9:31,475,"7,328"
Running,2021-05-04 12:33:16,San Mateo Running,6.01,00:48:07,8:01,34,"8,726"
Running,2021-05-03 16:30:38,San Mateo Running,1.13,00:05:19.7,4:42,--,914
Running,2021-05-03 16:13:54,San Mateo Running,0.92,00:09:11.8,10:00,58,"1,622"
Running,2021-05-01 11:06:14,San Mateo Running,0.77,00:09:40.1,12:30,19,"1,674"
Running,2021-05-01 10:41:29,San Mateo Running,2.11,00:14:19,6:48,48,"2,568"
Running,2021-05-01 10:26:47,San Mateo Running,1.15,00:10:09,8:50,82,"1,822"
Running,2021-04-30 16:14:34,San Mateo Running,4.49,00:39:11,8:44,295,"7,024"
Running,2021-04-30 12:36:46,San Mateo Running,6.05,00:48:01,7:56,28,"8,686"
Running,2021-04-29 16:15:07,San Mateo Running,4.65,00:38:46,8:21,496,"6,890"
Running,2021-04-28 17:12:52,San Mateo Running,1.98,00:11:57,6:03,10,"2,142"
Running,2021-04-28 16:25:57,San Mateo Running,1.04,00:10:13,9:52,2,"1,740"
Running,2021-04-28 14:37:11,San Mateo Running,1.06,00:09:20.4,8:51,19,"1,666"
Running,2021-04-27 16:37:24,San Mateo Running,1.86,00:17:33,9:27,58,"3,168"
Running,2021-04-27 16:05:56,San Mateo Running,1.14,00:09:49.9,8:38,31,"1,804"
Running,2021-04-26 17:00:36,San Mateo Running,1.05,00:10:04,9:33,73,"1,784"
Running,2021-04-26 16:49:41,San Mateo Running,1.15,00:08:14.4,7:11,26,"1,510"
Running,2021-04-26 16:32:57,San Mateo Running,1.98,00:12:48,6:27,63,"2,354"
Running,2021-04-26 16:19:22,San Mateo Running,1.07,00:09:30.4,8:53,81,"1,724"
Running,2021-04-23 17:01:33,San Mateo Running,0.19,00:00:54.9,4:49,--,170
Running,2021-04-23 16:50:37,San Mateo Running,0.99,00:05:54.3,5:56,12,"1,090"
Running,2021-04-23 16:33:34,San Mateo Running,1.89,00:12:07,6:24,31,"2,232"
Running,2021-04-23 16:18:13,San Mateo Running,1.29,00:11:13,8:40,75,"1,992"
Running,2021-04-22 16:15:09,San Mateo Running,4.43,00:36:57,8:20,145,"6,606"
Running,2021-04-20 12:42:07,San Mateo Running,6.01,00:48:05,8:00,29,"8,600"
Running,2021-04-19 21:02:07,San Mateo Running,4.17,00:30:35,7:20,16,"5,512"
Running,2021-04-15 15:28:37,San Mateo Running,10.41,01:27:11,8:23,471,"15,560"
Running,2021-04-13 12:43:47,San Mateo Running,5.67,00:45:02,7:56,211,"8,004"
Running,2021-04-12 16:14:47,San Mateo Running,3.11,00:23:57,7:43,10,"4,296"
Running,2021-04-09 15:16:15,San Juan County Running,3.36,00:30:44,9:09,305,"5,266"
Running,2021-04-01 16:18:57,San Mateo Running,1.01,00:05:31.2,5:27,15,996
Running,2021-03-31 16:39:22,San Mateo Running,1.56,00:15:00,9:38,88,"2,658"
Running,2021-03-31 16:19:36,San Mateo Running,1.03,00:09:34.7,9:17,65,"1,728"
Running,2021-03-30 17:13:24,San Mateo Running,1.17,00:11:31,9:49,68,"2,036"
Running,2021-03-30 16:35:52,San Mateo Running,2.26,00:15:56,7:03,35,"2,934"
Running,2021-03-29 17:02:03,San Mateo Running,2.08,00:18:53,9:05,134,"3,408"
Running,2021-03-29 16:33:11,San Mateo Running,0.79,00:03:32.7,4:30,5,470
Running,2021-03-28 12:10:25,San Mateo Running,6.01,00:52:04,8:40,494,"9,340"
Running,2021-03-27 09:50:33,San Mateo Running,0.32,00:03:22.4,10:36,5,596
Running,2021-03-27 09:14:50,San Mateo Running,2.31,00:14:27,6:16,117,"2,488"
Running,2021-03-26 16:27:53,San Mateo Running,1.04,00:10:01,9:40,51,"1,740"
Running,2021-03-25 16:18:24,San Mateo Running,4.47,00:41:25,9:17,567,"7,352"
Running,2021-03-24 16:29:50,San Mateo Running,4.82,00:40:11,8:20,316,"7,246"
Running,2021-03-20 10:00:12,San Mateo Running,0.48,00:05:46.5,12:01,66,"1,002"
Running,2021-03-20 09:15:59,San Mateo Running,2.38,00:14:34,6:08,245,"2,562"
Running,2021-03-19 16:51:57,San Mateo Running,0.97,00:08:46.9,9:01,29,"1,496"
Running,2021-03-16 16:46:46,San Mateo Running,1.54,00:15:21,9:59,126,"2,720"
Running,2021-03-15 16:22:22,San Mateo Running,6.16,00:50:08,8:09,"1,026","8,932"
Running,2021-03-11 16:20:59,San Mateo Running,4.38,00:40:41,9:17,346,"7,098"
Running,2021-03-10 17:17:16,San Mateo Running,0.31,00:01:44.7,5:36,5,102
Running,2021-03-10 16:19:13,San Mateo Running,6.51,00:51:35,7:55,141,"9,148"
Running,2021-03-09 16:31:19,San Mateo Running,5.05,00:40:30,8:01,173,"7,216"
Running,2021-03-09 16:20:23,San Mateo Running,0.17,00:00:54.5,5:15,--,52
Treadmill Running,2021-03-08 16:29:12,Treadmill Running,8.22,01:10:43,8:36,--,"12,582"
Running,2021-03-03 15:50:55,San Mateo Running,5.42,00:45:19,8:22,91,"8,016"
Running,2021-03-02 16:37:34,San Mateo Running,4.26,00:40:04,9:24,82,"7,038"
Running,2021-03-02 16:27:32,San Mateo Running,0.18,00:00:57.3,5:17,--,46
Running,2021-03-01 16:26:53,San Mateo Running,7.50,01:03:58,8:32,"1,280","11,226"
Running,2021-02-27 12:07:00,San Mateo Running,2.37,00:15:47,6:40,116,"2,588"
Running,2021-02-27 11:22:03,San Mateo Running,1.01,00:09:51.3,9:48,55,"1,726"
Running,2021-02-26 16:53:25,San Mateo Running,1.05,00:09:24.5,8:58,56,"1,662"
Running,2021-02-25 16:24:22,San Mateo Running,3.43,00:30:25,8:52,325,"5,342"
Running,2021-02-24 17:19:29,San Mateo Running,0.40,00:01:58.0,4:52,30,228
Running,2021-02-24 16:21:08,San Mateo Running,5.78,00:45:03,7:48,98,"7,996"
Running,2021-02-23 17:40:47,San Mateo Running,0.26,00:01:09.2,4:30,--,42
Running,2021-02-23 17:26:16,San Mateo Running,0.91,00:11:25,12:33,56,"1,434"
Running,2021-02-23 16:44:14,San Mateo Running,1.95,00:24:12,12:23,535,"3,596"
Running,2021-02-23 11:50:34,San Mateo Running,3.20,00:30:02,9:23,17,"5,266"
Running,2021-02-22 16:26:29,San Mateo Running,8.03,01:01:13,7:37,216,"10,932"
Running,2021-02-20 11:46:59,San Mateo Running,0.77,00:08:15.2,10:40,18,"1,428"
Running,2021-02-20 11:33:20,San Mateo Running,0.75,00:05:00.6,6:40,21,910
Running,2021-02-20 11:12:26,San Mateo Running,1.50,00:10:36,7:05,49,"1,870"
Running,2021-02-20 10:56:53,San Mateo Running,1.51,00:11:40,7:42,55,"1,920"
Running,2021-02-18 16:34:46,San Mateo Running,4.43,00:40:26,9:07,500,"6,976"
Running,2021-02-17 16:51:09,San Mateo Running,4.45,00:39:02,8:46,301,"6,948"
Running,2021-02-17 16:40:12,San Mateo Running,0.32,00:01:53.6,5:53,12,88
Running,2021-02-17 11:45:53,San Mateo Running,4.23,00:36:00,8:31,25,"6,456"
Running,2021-02-16 16:52:46,San Mateo Running,4.33,00:38:53,8:59,764,"6,814"
Running,2021-02-16 16:42:23,San Mateo Running,0.37,00:02:47.4,7:33,3,366
Running,2021-02-13 11:40:22,San Mateo Running,1.20,00:12:01,10:00,77,"2,110"
Running,2021-02-13 11:13:20,San Mateo Running,0.95,00:07:03.0,7:23,21,"1,200"
Running,2021-02-13 10:59:31,San Mateo Running,0.95,00:07:32.7,7:55,19,"1,276"
Running,2021-02-10 16:32:02,San Mateo Running,5.13,00:44:04,8:35,100,"7,886"
Running,2021-02-09 16:40:02,San Mateo Running,3.77,00:37:46,10:01,479,"6,642"
Running,2021-02-09 16:30:02,San Mateo Running,0.25,00:01:55.1,7:32,8,308
Running,2021-02-08 16:35:39,San Mateo Running,5.90,00:51:59,8:49,845,"9,176"
Running,2021-02-06 13:26:25,San Mateo Running,3.19,00:28:55,9:03,748,"5,064"
Running,2021-02-05 16:46:58,San Mateo Running,2.82,00:32:09,11:23,344,"4,950"
Running,2021-02-04 10:13:23,San Mateo Running,4.05,00:34:05,8:25,23,"6,142"
Running,2021-02-03 16:42:30,San Mateo Running,1.87,00:16:25,8:47,63,"2,972"
Running,2021-02-03 16:29:49,San Mateo Running,0.48,00:05:35.9,11:39,26,776
Running,2021-02-02 16:31:42,San Mateo Running,4.70,00:43:04,9:10,280,"7,610"
Running,2021-02-01 16:13:16,San Mateo Running,1.17,00:11:12,9:35,3,"2,018"
Running,2021-02-01 15:28:27,San Mateo Running,2.00,00:09:19.9,4:39,124,108
Running,2021-01-30 13:45:02,San Mateo Running,5.50,00:50:51,9:15,18,"8,856"
Running,2021-01-29 16:38:22,San Mateo Running,3.73,00:32:56,8:49,499,"5,798"
Running,2021-01-26 15:05:43,San Mateo Running,4.42,00:36:47,8:19,22,"6,648"
Running,2021-01-23 12:31:03,San Mateo County Running,0.49,00:06:30.5,13:21,35,704
Running,2021-01-23 11:38:13,San Mateo County Running,5.04,00:46:13,9:10,523,"7,926"
Running,2021-01-22 16:30:03,San Mateo Running,3.84,00:37:07,9:40,512,"6,118"
Running,2021-01-20 16:33:44,San Mateo Running,3.09,00:29:37,9:35,359,"5,162"
Running,2021-01-19 16:29:30,San Mateo Running,3.55,00:30:31,8:36,408,"5,394"
Running,2021-01-15 12:43:42,San Mateo Running,3.72,00:30:37,8:13,17,"5,464"
Running,2021-01-12 12:40:23,San Mateo Running,4.07,00:34:01,8:21,21,"6,010"
Running,2021-01-06 12:57:05,San Mateo Running,3.68,00:32:38,8:52,243,"5,780"
Running,2020-12-11 12:46:16,Monterey County Running,3.27,00:30:13,9:15,492,"5,362"
Running,2020-12-08 12:55:01,Monterey County Running,3.00,00:28:53,9:38,441,"5,080"
Running,2020-12-01 12:46:39,San Mateo Running,3.44,00:29:58,8:43,11,"5,416"
